-- phpMyAdmin SQL Dump
-- version 4.6.6deb5
-- https://www.phpmyadmin.net/
--
-- Host: localhost:3306
-- Generation Time: Apr 09, 2018 at 12:56 PM
-- Server version: 5.7.21-0ubuntu0.17.10.1
-- PHP Version: 7.2.4-1+ubuntu17.10.1+deb.sury.org+1

SET SQL_MODE = "NO_AUTO_VALUE_ON_ZERO";
SET time_zone = "+00:00";


/*!40101 SET @OLD_CHARACTER_SET_CLIENT=@@CHARACTER_SET_CLIENT */;
/*!40101 SET @OLD_CHARACTER_SET_RESULTS=@@CHARACTER_SET_RESULTS */;
/*!40101 SET @OLD_COLLATION_CONNECTION=@@COLLATION_CONNECTION */;
/*!40101 SET NAMES utf8mb4 */;

--
-- Database: `feed`
--

-- --------------------------------------------------------

--
-- Table structure for table `categories`
--

CREATE TABLE `categories` (
  `id` int(11) NOT NULL,
  `name` varchar(255) COLLATE utf8_persian_ci NOT NULL,
  `slug` varchar(255) COLLATE utf8_persian_ci NOT NULL
) ENGINE=InnoDB DEFAULT CHARSET=utf8 COLLATE=utf8_persian_ci;

--
-- Dumping data for table `categories`
--

INSERT INTO `categories` (`id`, `name`, `slug`) VALUES
(1, 'سیاسی', 'اخبار-سیاسی'),
(2, 'ورزشی', 'اخبار-ورزشی'),
(3, 'اقتصادی', 'اخبار-اقتصادی'),
(4, 'فناوری و اطلاعات', 'فناوری-و-اطلاعات'),
(5, 'حوادث', 'حوادث'),
(6, 'سلامت', 'اخبار-سلامت');

-- --------------------------------------------------------

--
-- Table structure for table `category_rss`
--

CREATE TABLE `category_rss` (
  `id` int(10) UNSIGNED NOT NULL,
  `category_id` int(10) UNSIGNED NOT NULL,
  `rss_id` int(10) UNSIGNED NOT NULL
) ENGINE=MyISAM DEFAULT CHARSET=utf8mb4 COLLATE=utf8mb4_unicode_ci;

--
-- Dumping data for table `category_rss`
--

INSERT INTO `category_rss` (`id`, `category_id`, `rss_id`) VALUES
(1, 4, 1),
(2, 4, 2),
(3, 1, 3),
(5, 2, 5);

-- --------------------------------------------------------

--
-- Table structure for table `migrations`
--

CREATE TABLE `migrations` (
  `id` int(10) UNSIGNED NOT NULL,
  `migration` varchar(255) COLLATE utf8mb4_unicode_ci NOT NULL,
  `batch` int(11) NOT NULL
) ENGINE=InnoDB DEFAULT CHARSET=utf8mb4 COLLATE=utf8mb4_unicode_ci;

--
-- Dumping data for table `migrations`
--

INSERT INTO `migrations` (`id`, `migration`, `batch`) VALUES
(1, '2014_10_12_000000_create_users_table', 1),
(2, '2014_10_12_100000_create_password_resets_table', 1),
(3, '2018_03_25_150311_create_rss_table', 1),
(4, '2018_03_25_150846_create_categories_table', 1),
(5, '2018_03_25_150904_create_stores_table', 1),
(6, '2018_03_25_151109_create_roles_table', 1),
(7, '2018_03_26_071624_create_categoryrss_table', 2),
(8, '2018_03_29_201313_create_rsshistory_table', 3),
(9, '2018_03_30_085227_create_tags_table', 3),
(10, '2018_03_30_164818_create_posts_table', 4);

-- --------------------------------------------------------

--
-- Table structure for table `password_resets`
--

CREATE TABLE `password_resets` (
  `email` varchar(255) COLLATE utf8mb4_unicode_ci NOT NULL,
  `token` varchar(255) COLLATE utf8mb4_unicode_ci NOT NULL,
  `created_at` timestamp NULL DEFAULT NULL
) ENGINE=InnoDB DEFAULT CHARSET=utf8mb4 COLLATE=utf8mb4_unicode_ci;

-- --------------------------------------------------------

--
-- Table structure for table `posts`
--

CREATE TABLE `posts` (
  `id` int(10) UNSIGNED NOT NULL,
  `user_id` int(10) UNSIGNED DEFAULT '1',
  `rss_id` int(11) DEFAULT NULL,
  `title` varchar(255) COLLATE utf8mb4_unicode_ci DEFAULT NULL,
  `content` longtext COLLATE utf8mb4_unicode_ci,
  `excerpt` longtext COLLATE utf8mb4_unicode_ci,
  `status` varchar(255) COLLATE utf8mb4_unicode_ci DEFAULT 'publish',
  `comment_status` varchar(255) COLLATE utf8mb4_unicode_ci DEFAULT 'open',
  `post_type` varchar(255) COLLATE utf8mb4_unicode_ci DEFAULT 'post',
  `permalink` longtext COLLATE utf8mb4_unicode_ci,
  `created_at` timestamp NULL DEFAULT NULL,
  `updated_at` timestamp NULL DEFAULT NULL
) ENGINE=InnoDB DEFAULT CHARSET=utf8mb4 COLLATE=utf8mb4_unicode_ci;

--
-- Dumping data for table `posts`
--

INSERT INTO `posts` (`id`, `user_id`, `rss_id`, `title`, `content`, `excerpt`, `status`, `comment_status`, `post_type`, `permalink`, `created_at`, `updated_at`) VALUES
(1, 1, 1, 'فیسبوک چه سوالاتی در مصاحبه‌های استخدامی می‌پرسد', NULL, '<img src=\"https://cdn01.zoomit.ir/2017/12/7e1f3ab0-14e2-45e9-b97f-62f5d7106e96.jpg\" alt=\"فیسبوک چه سوالاتی در مصاحبه‌های استخدامی می‌پرسد\" /><br/><p>ابر رسانه&zwnj;ی اجتماعی، شرکت فیسبوک برای آسان کردن روند استخدام خود و انتخاب بهترین گزینه&zwnj;ها برای موقعیت&zwnj;های کاری از یک سری سوالات مشخص استفاده می&zwnj;کند.</p>\n', 'publish', 'open', 'rss', 'https://www.zoomit.ir/2018/4/8/270508/facebooks-top-11-questions-for-job-candidates/', '2018-04-09 12:20:10', '2018-04-09 12:20:10'),
(2, 1, 1, 'ممنوعیت شکار و نگه‌داری، باعث تسریع انقراض گونه‌های در معرض خطر می‌شود', NULL, '<img src=\"https://cdn01.zoomit.ir/2018/4/d0e542bc-9f86-413a-865e-30ea52bce46e.jpg\" alt=\"ممنوعیت شکار و نگه‌داری، باعث تسریع انقراض گونه‌های در معرض خطر می‌شود\" /><br/><p>ممنوعیت شکار حیوانات در معرض خطر به&zwnj;منظور نگه&zwnj;داری و حفاظت از آنها در باغ&zwnj;وحش&zwnj;ها و زیر نظر انسان، موجب تسریع روند انقراضشان شده است.</p>\n', 'publish', 'open', 'rss', 'https://www.zoomit.ir/2018/4/9/270580/ban-captive-animals-could-speed-extinction/', '2018-04-09 12:20:11', '2018-04-09 12:20:11'),
(3, 1, 1, 'انویدیا به پشتیبانی از سیستم عامل‌ ۳۲ بیتی خاتمه می‌دهد', NULL, '<img src=\"https://cdn01.zoomit.ir/2016/10/630b928a-df48-4cd4-9a96-ea7601725ef6.jpg\" alt=\"انویدیا به پشتیبانی از سیستم عامل‌ ۳۲ بیتی خاتمه می‌دهد\" /><br/><p>شرکت انویدیا طی بیانیه رسمی اعلام کرد که در پایان ماه جاری، به پشتیبانی از سیستم&zwnj;های&nbsp;۳۲ بیتی پایان خواهد داد.</p>\n', 'publish', 'open', 'rss', 'https://www.zoomit.ir/2018/4/9/270569/nvidia-32-bit-os-support-drivers/', '2018-04-09 12:20:13', '2018-04-09 12:20:13'),
(4, 1, 1, 'قدرت خالص بی ام و M5، حدود تقریبا ۷۰۰ اسب است', NULL, '<img src=\"https://cdn01.zoomit.ir/2017/8/2d1daa07-d370-4d21-853f-d141ac369abe.jpg\" alt=\"قدرت خالص بی ام و M5، حدود تقریبا ۷۰۰ اسب است\" /><br/><p>نتایج دینامومتر نشان می&zwnj;دهد که مدل جدیدبی&zwnj;ام&zwnj;و M5 می&zwnj;تواند تقریبا ۷۰۰ اسب بخار قدرت تولید کند که بیش&zwnj;تر از اطلاعات سازنده است.</p>\n', 'publish', 'open', 'rss', 'https://www.zoomit.ir/2018/4/9/270542/dyno-results-show-bmw-m5-making-almost-700-hp/', '2018-04-09 12:20:14', '2018-04-09 12:20:14'),
(5, 1, 1, 'آدیداس با تعطیلی فروشگاه‌‌های فیزیکی به سمت فروش آنلاین می‌رود', NULL, '<img src=\"https://cdn01.zoomit.ir/2018/4/c5eaaac1-8da6-4ab6-8de9-60a8b670b4d4.jpg\" alt=\"آدیداس با تعطیلی فروشگاه‌‌های فیزیکی به سمت فروش آنلاین می‌رود\" /><br/><p>آدیداس در پی آن است تا با تعطیل کردن فروشگاه&zwnj;های فیزیکی خود در سال&zwnj;های آینده، تمرکز خود را روی فروش آنلاین افزایش دهد.</p>\n', 'publish', 'open', 'rss', 'https://www.zoomit.ir/2018/4/9/270566/adidas-close-stores-online-push/', '2018-04-09 12:20:16', '2018-04-09 12:20:16'),
(6, 1, 1, 'آنر 10، ۳۰ فروردین معرفی می‌شود', NULL, '<img src=\"https://cdn01.zoomit.ir/2018/4/6541bce1-30c4-4eb3-9685-88d85794912b.jpg\" alt=\"آنر 10، ۳۰ فروردین معرفی می‌شود\" /><br/><p>هواوی با انتشار دعوت&zwnj;نامه&zwnj;ای رسمی، تاریخ معرفی آنر&nbsp;&zwj;۱۰ را روز ۱۹ آوریل برابر با ۳۰ فروردین اعلام کرد.</p>\n', 'publish', 'open', 'rss', 'https://www.zoomit.ir/2018/4/9/270570/honor-10-launch-19-april/', '2018-04-09 12:20:17', '2018-04-09 12:20:17'),
(7, 1, 1, 'دبیر شورای‌عالی فضای مجازی: تقویت پیام رسان‌های داخلی در راستای کوچ داوطلبانه از تلگرام', NULL, '<img src=\"https://cdn01.zoomit.ir/2018/4/a41b320b-6ede-4c83-a3c1-938fe6c2018a.jpg\" alt=\"دبیر شورای‌عالی فضای مجازی: تقویت پیام رسان‌های داخلی در راستای کوچ داوطلبانه از تلگرام\" /><br/><p></p>\n<p>دبیر شورای عالی فضای مجازی اعلام کرد که برنامه شورای عالی فضای مجازی برای تقویت شبکه&zwnj;های پیام رسان داخلی، اجرای استراتژی کوچ داوطلبانه از تلگرام است.</p>\n', 'publish', 'open', 'rss', 'https://www.zoomit.ir/2018/4/9/270574/enhance-internal-messenger-switch-telegram/', '2018-04-09 12:20:21', '2018-04-09 12:20:21'),
(8, 1, 1, 'کاهش استرس در زمان‌هایی که به اولویت‌بندی نیاز دارید', NULL, '<img src=\"https://cdn01.zoomit.ir/2018/4/8a56f9e0-1731-40f8-850b-475f95003f26.jpg\" alt=\"کاهش استرس در زمان‌هایی که به اولویت‌بندی نیاز دارید\" /><br/><p>همه&zwnj;ی ما در طول روز با فشارها و تنش&zwnj;های متعددی روبه&zwnj;رو هستیم. چگونه می&zwnj;توانیم مانع از تحلیل رفتن انرژی و انگیزه&zwnj;ی خودمان بشویم؟</p>\n', 'publish', 'open', 'rss', 'https://www.zoomit.ir/2018/4/8/270504/reduce-stress-when-need-prioritize/', '2018-04-09 12:20:22', '2018-04-09 12:20:22'),
(9, 1, 1, 'لایحه حفظ حریم خصوصی در پیام‌رسان‌های بومی تدوین می‌شود', NULL, '<img src=\"https://cdn01.zoomit.ir/2017/7/b4d9ae3a-59cd-46b0-8c51-295389634257.jpg\" alt=\"لایحه حفظ حریم خصوصی در پیام‌رسان‌های بومی تدوین می‌شود\" /><br/><p>وزیر ارتباطات و فناوری اطلاعات اعلام کرد که لایحه حفظ حریم خصوصی افراد در پیام رسان&zwnj;های بومی تدوین می&zwnj;شود.</p>\n', 'publish', 'open', 'rss', 'https://www.zoomit.ir/2018/4/9/270573/privacy-in-messaging/', '2018-04-09 12:20:23', '2018-04-09 12:20:23'),
(10, 1, 1, ' قیمت بی ام و سری 7، فعلا  ۱.۳ میلیارد تومان', NULL, '<img src=\"https://cdn01.zoomit.ir/2018/4/a9764f3d-1739-4ac2-884f-c21358a8fa39.jpg\" alt=\" قیمت بی ام و سری 7، فعلا  ۱.۳ میلیارد تومان\" /><br/><p>در حالی که قرار بود، خودروهای گران&zwnj;تر از ۴۰ هزار دلار، مجوز واردات به کشور نداشته باشند، نمایندگی رسمی بی&zwnj;ام&zwnj;و در ایران، اقدام به پیش&zwnj;فروش مدل&zwnj;های لوکس سری 7 با آستانه قیمت ۱.۲۹۲ میلیارد تومن کرده است.</p>\n', 'publish', 'open', 'rss', 'https://www.zoomit.ir/2018/4/9/270565/bmw-7-series-price-in-iran/', '2018-04-09 12:20:25', '2018-04-09 12:20:25'),
(11, 1, 1, 'نژادپرستی بر سلامت جسمانی افراد قربانی تأثیر منفی می‌گذارد', NULL, '<img src=\"https://cdn01.zoomit.ir/2018/4/5e201a6c-8f1d-4e11-8a1f-b048ec2b736b.jpg\" alt=\"نژادپرستی بر سلامت جسمانی افراد قربانی تأثیر منفی می‌گذارد\" /><br/><p>شاید گفتن اینکه نژادپرستی روی سلامت فیزیکی هم تأثیر می&zwnj;گذارد، عجیب به&zwnj; نظر برسد؛ اما مبنای علمی دارد.</p>\n', 'publish', 'open', 'rss', 'https://www.zoomit.ir/2018/4/9/270551/racism-impacts-your-health/', '2018-04-09 12:20:26', '2018-04-09 12:20:26'),
(12, 1, 1, 'معرفی انیمیشن کوتاه Zero ', NULL, '<img src=\"https://cdn01.zoomit.ir/2018/4/1da2f831-4510-4844-9279-576d7c0c5a01.jpg\" alt=\"معرفی انیمیشن کوتاه Zero \" /><br/><p>انیمیشن کوتاه زیرو، روایت&zwnj;گر داستان افرادی است که همیشه در زندگی خود در دسته اقلیت بودند. با معرفی این انیمیشن فوق&zwnj;العاده همراه باشید.</p>\n', 'publish', 'open', 'rss', 'https://www.zoomg.ir/2018/4/6/273710/zero-short-animation/?rel=nofollow/', '2018-04-09 12:20:28', '2018-04-09 12:20:28'),
(13, 1, 1, 'استیو وازنیاک در واکنش به افشای اطلاعات، از فیسبوک خداحافظی کرد', NULL, '<img src=\"https://cdn01.zoomit.ir/ex/Cover/d591262ab34de287321a8270569a6682_XL.jpg\" alt=\"استیو وازنیاک در واکنش به افشای اطلاعات، از فیسبوک خداحافظی کرد\" /><br/><p>استیو وزنیاک، یکی از بنیان&zwnj;گذاران اپل، در واکنش به رسوایی&zwnj;های اخیر فیسبوک، پس انتشار پستی حساب کاربری فیسبوک خود را بست.</p>\n', 'publish', 'open', 'rss', 'https://www.zoomit.ir/2018/4/9/270561/apple-co-founders-reaction-fb-data-breach/', '2018-04-09 12:20:28', '2018-04-09 12:20:28'),
(14, 1, 1, 'سروش و بله از اپ استور اپل حذف شدند', NULL, '<img src=\"https://cdn01.zoomit.ir/2016/11/419ce68d-d31d-4d29-8d46-fb364e5ad8d2.jpg\" alt=\"سروش و بله از اپ استور اپل حذف شدند\" /><br/><p>پیام&zwnj;رسان&zwnj;های بومی همچون <strong>سروش</strong> و <strong>بله</strong> از فروشگاه اپ&zwnj;استور اپل حذف شدند.</p>\n', 'publish', 'open', 'rss', 'https://www.zoomit.ir/2018/4/9/270567/soroush-omit-app-store/', '2018-04-09 12:20:30', '2018-04-09 12:20:30'),
(15, 1, 1, 'از آخر فروردین همه برندها مشمول رجیستری می‌شوند', NULL, '<img src=\"https://cdn01.zoomit.ir/2017/4/1041fb63-4fd3-44c4-8dcd-da9c679b5987.jpg\" alt=\"از آخر فروردین همه برندها مشمول رجیستری می‌شوند\" /><br/><p>طی چندین مرحله برخی از برندها تحت پوشش طرح رجیستری قرار گرفت و حالا قرار است از اواخر ماه جاری باقی برندهای موبایلی نیز مشمول این طرح شوند.</p>\n', 'publish', 'open', 'rss', 'https://www.zoomit.ir/2018/4/9/270562/all-mobile-brands-registry/', '2018-04-09 12:20:32', '2018-04-09 12:20:32'),
(16, 1, 2, 'در رندرهای جدید اچ تی سی U12 خبری از برش نمایشگر نیست!', NULL, '<p>رسانه کلیک &#8211; ظاهرا اچ تی سی قصد ندارد از برآمدگی نمایشگر در پرچمدار آینده خود استفاده کند، چرا که رندر اچ تی سی یو 12 از عدم بکارگیری برش نمایشگر در این گوشی هوشمند خبر می دهد. شرکت های زیادی محصولات خود را به برش نمایشگر مجهز می کنند. اپل با معرفی آیفون ایکس [&#8230;]</p>\n<p>نوشته <a rel=\"nofollow\" href=\"https://click.ir/1397/01/20/htc-u12-no-notch-new-renders/\">در رندرهای جدید اچ تی سی U12 خبری از برش نمایشگر نیست!</a> اولین بار در <a rel=\"nofollow\" href=\"https://click.ir\">رسانه کلیک</a> پدیدار شد.</p>\n', 'publish', 'open', 'rss', 'https://click.ir/1397/01/20/htc-u12-no-notch-new-renders/', '2018-04-09 12:20:36', '2018-04-09 12:20:36'),
(17, 1, 1, 'جادوی صدا: نگاهی به روند توسعه ابزارهای ذخیره سازی صدا (قسمت اول)', NULL, '<img src=\"https://cdn01.zoomit.ir/2018/4/216c8fdd-a726-4e0c-b0c6-f35e77a20f95.jpg\" alt=\"جادوی صدا: نگاهی به روند توسعه ابزارهای ذخیره سازی صدا (قسمت اول)\" /><br/><p>ذخیره و بازپخش صدا که زمانی همچون یک معجزه بود، اکنون به بخشی روزمره از زندگی انسان تبدیل شده است. در این مقاله با روند توسعه&zwnj;ی ابزارهای ذخیره و بازپخش صدا آشنا می&zwnj;شویم.</p>\n', 'publish', 'open', 'rss', 'https://www.zoomit.ir/2018/4/9/270487/sound-recording-reproduction-history-part-1/', '2018-04-09 12:20:37', '2018-04-09 12:20:37'),
(18, 1, 1, 'توقف فروش آئودی SQ5 به دلیل آلایندگی بالا', NULL, '<img src=\"https://cdn01.zoomit.ir/2018/4/ae1fed18-910d-4d74-b9f2-c87440b11778.jpg\" alt=\"توقف فروش آئودی SQ5 به دلیل آلایندگی بالا\" /><br/><p>آئودی به دلیل قوانین سختگیرانه&zwnj;ی زیست&zwnj;محیطی، فروش مدل SQ5 را در اروپا متوقف کرد. البته تولید این خودرو در مکزیک همچنان ادامه خواهد یافت.&nbsp;</p>\n', 'publish', 'open', 'rss', 'https://www.zoomit.ir/2018/4/9/270552/audi-sq5-europe-sales-stopped/', '2018-04-09 12:20:39', '2018-04-09 12:20:39'),
(19, 1, 1, '۴۰ درصد از کاربران ایرانی با گوشی‌های شکسته کار می‌کنند!', NULL, '<img src=\"https://cdn01.zoomit.ir/2018/4/fcece6a1-81a7-44da-aace-934d7d84817c.jpg\" alt=\"۴۰ درصد از کاربران ایرانی با گوشی‌های شکسته کار می‌کنند!\" /><br/><p>خود را درگیر آمار نکنید، &laquo;<a href=\"http://www.techys.me/\" target=\"_blank\" rel=\"\">تکیز</a>&raquo; ال سی دی شکسته گوشی شما را با قطعات اصلی و با ۱۰درصد تخفیف تعمیر می&zwnj;کند!</p>\n', 'publish', 'open', 'rss', 'https://www.zoomit.ir/2018/4/9/270543/techys-iphone-cellphone/', '2018-04-09 12:20:42', '2018-04-09 12:20:42'),
(20, 1, 1, 'آیفون 8 و آيفون 8‌ پلاس قرمز امروز معرفی می‌شوند', NULL, '<img src=\"https://cdn01.zoomit.ir/2018/4/b171627b-1077-4d9c-a4eb-9b042ad7e804.jpg\" alt=\"آیفون 8 و آيفون 8‌ پلاس قرمز امروز معرفی می‌شوند\" /><br/><p>اطلاعات برگرفته از ویرجین موبایل حاکی از آن است که اپل در نظر دارد امروز آیفون ۸ و آیفون ۸ پلاس قرمزرنگ را معرفی کند.</p>\n', 'publish', 'open', 'rss', 'https://www.zoomit.ir/2018/4/9/270560/red-iphone-8-iphone-8-plus-launching/', '2018-04-09 12:20:43', '2018-04-09 12:20:43'),
(21, 1, 1, 'جعبه گشایی هواوی نوا 3 ای', NULL, '<img src=\"https://cdn01.zoomit.ir/2018/4/af71bd6a-0f19-4018-8407-52a196651f64.jpg\" alt=\"جعبه گشایی هواوی نوا 3 ای\" /><br/><p>نسخه مقرون&lrm;&zwnj;به&zwnj;صرفه&zwnj;ی پرچم&zwnj;دار سال ۲۰۱۸ هواوی با نام پی ۲۰ لایت، در بازار کشور تحت عنوان هواوی نوا ۳ ای عرضه خواهد شد و امروز&nbsp;<span>در زومیت به جعبه&zwnj;گشایی آن پرداختیم.</span><span></span></p>\n', 'publish', 'open', 'rss', 'https://www.zoomit.ir/2018/4/8/270530/huawei-nova-3e-unboxing/', '2018-04-09 12:20:45', '2018-04-09 12:20:45'),
(22, 1, 2, 'استراتژی کوچ داوطلبانه از تلگرام را در پیش می گیریم/ فعالیت خالص اقتصادی در تلگرام نداریم', NULL, '<p>رسانه کلیک &#8211; دبیر شورای عالی فضای مجازی گفت: برنامه شورای عالی فضای مجازی برای تقویت شبکه های پیام رسان داخلی، اجرای استراتژی کوچ داوطلبانه از اپلیکیشن پیام رسان تلگرام است. به گزارش کلیک به نقل از مهر؛ ابوالحسین فیروزآبادی دبیر شورای عالی فضای مجازی در نشست مشترک کمیسیون اقتصاد و کمیسیون امنیت ملی در خصوص [&#8230;]</p>\n<p>نوشته <a rel=\"nofollow\" href=\"https://click.ir/1397/01/20/iranian-users-telegram-changing-messengers/\">استراتژی کوچ داوطلبانه از تلگرام را در پیش می گیریم/ فعالیت خالص اقتصادی در تلگرام نداریم</a> اولین بار در <a rel=\"nofollow\" href=\"https://click.ir\">رسانه کلیک</a> پدیدار شد.</p>\n', 'publish', 'open', 'rss', 'https://click.ir/1397/01/20/iranian-users-telegram-changing-messengers/', '2018-04-09 12:20:46', '2018-04-09 12:20:46'),
(23, 1, 1, 'چرا از موزه لوور در تهران بیش از حد تصور استقبال شد؟', NULL, '<img src=\"https://cdn01.zoomit.ir/2018/4/323f4656-253d-47c1-8510-2e45c6c3df2c.jpg\" alt=\"چرا از موزه لوور در تهران بیش از حد تصور استقبال شد؟\" /><br/><p><span>اکنون بیش از ۱۰۰ هزار نفر از نمایشگاه &laquo;<a href=\"https://www.kojaro.com/attraction/10942-%D9%85%D9%88%D8%B2%D9%87-%D9%84%D9%88%D9%88%D8%B1-%D9%81%D8%B1%D8%A7%D9%86%D8%B3%D9%87/\" target=\"_blank\" rel=\"nofollow \">موزه لوور</a> در <a href=\"https://www.kojaro.com/dir/%D8%AA%D9%87%D8%B1%D8%A7%D9%86-118-ci/\" target=\"_blank\" rel=\"nofollow \">تهران</a>&raquo; دیدن کرده&zwnj;اند آیا این حجم از استقبال بازدید از <a href=\"https://www.kojaro.com/tag/%D9%85%D9%88%D8%B2%D9%87/\" target=\"_blank\" rel=\"nofollow \">موزه</a>&nbsp;به دلیل بالا رفتن سطح فرهنگی همه اقشار جامعه است ؟</span></p>\n', 'publish', 'open', 'rss', 'https://www.kojaro.com/2018/4/7/141629/%D8%A7%D8%B3%D8%AA%D9%82%D8%A8%D8%A7%D9%84-%D9%85%D9%88%D8%B2%D9%87-%D9%84%D9%88%D9%88%D8%B1-%D8%AA%D9%87%D8%B1%D8%A7%D9%86/?utm_source=zoomit.ir&utm_medium=referral&utm_campaign=Welcome+to+Tehran+Lover+Museum&rel=nofollow/', '2018-04-09 12:20:48', '2018-04-09 12:20:48'),
(24, 1, 1, 'وزیر ارتباطات: تصمیمی برای فیلتر تلگرام گرفته نشده است', NULL, '<img src=\"https://cdn01.zoomit.ir/ex/Cover/b332071b8f372746e3484a85b8afbe1e_XL.jpg\" alt=\"وزیر ارتباطات: تصمیمی برای فیلتر تلگرام گرفته نشده است\" /><br/><p>روز گذشته برخی رسانه&zwnj;ها زمان فیلتر تلگرام را اعلام کردند و بر این اساس، وزیر ارتباطات این خبر را تکذیب و اعلام کرد که تصمیم قانونی برای فیلترینگ این شبکه اجتماعی به این وزارتخانه واصل نشده است.</p>\n', 'publish', 'open', 'rss', 'https://www.zoomit.ir/2018/4/9/270556/telegram-filtering-denied/', '2018-04-09 12:20:50', '2018-04-09 12:20:50'),
(25, 1, 2, 'کمتر از 20 روز دیگر تلگرام فیلتر می شود', NULL, '<p>رسانه کلیک &#8211; نماینده مردم تهران در مجلس شورای اسلامی خبر داد که کمتر از 20 روز دیگر شبکه اجتماعی تلگرام فیلتر خواهد شد. به گزارش کلیک به نقل از ایسنا؛ مجتبی ذوالنور نماینده مردم تهران در حساب توییتری خود در این ارتباط نوشت: در جلسه با آذر جهرمی وزیر ارتباطات در کمیسیون مشترک امنیت و [&#8230;]</p>\n<p>نوشته <a rel=\"nofollow\" href=\"https://click.ir/1397/01/20/telegram-filtering-imminent/\">کمتر از 20 روز دیگر تلگرام فیلتر می شود</a> اولین بار در <a rel=\"nofollow\" href=\"https://click.ir\">رسانه کلیک</a> پدیدار شد.</p>\n', 'publish', 'open', 'rss', 'https://click.ir/1397/01/20/telegram-filtering-imminent/', '2018-04-09 12:20:51', '2018-04-09 12:20:51'),
(26, 1, 1, 'ویندوز 10 آرم از اپلیکیشن‌های ۶۴ بیتی پشتیبانی خواهد کرد', NULL, '<img src=\"https://cdn01.zoomit.ir/2018/1/06060058-4741-410c-8e1e-f773d80f72b8.jpg\" alt=\"ویندوز 10 آرم از اپلیکیشن‌های ۶۴ بیتی پشتیبانی خواهد کرد\" /><br/><p>بر اساس اعلام مایکروسافت، از ماه می سال جاری، ویندوز ۱۰ آرم از اپلیکیشن&zwnj;های ۶۴ بیتی پشتیبانی به عمل خواهد آورد.</p>\n', 'publish', 'open', 'rss', 'https://www.zoomit.ir/2018/4/9/270550/windows-10-arm-support-64-bit-apps/', '2018-04-09 12:20:51', '2018-04-09 12:20:51'),
(27, 1, 1, 'فرمول یک بحرین با قهرمانی فتل برگزار شد', NULL, '<img src=\"https://cdn01.zoomit.ir/2018/4/91a0410e-383d-47a4-a013-52ebc3da44ad.jpg\" alt=\"فرمول یک بحرین با قهرمانی فتل برگزار شد\" /><br/><p>جایزه بزرگ بحرین، مثل رقابت هفته&zwnj;ی اول در استرالیا؛ ناکامی لوئیس همیلتون و موفقیت فتل را به دنبال داشت تا باز هم راننده&zwnj;ای از فراری، بالاتر از مرسدس بنز روی سکو بایستد.</p>\n', 'publish', 'open', 'rss', 'https://www.zoomit.ir/2018/4/9/270553/bahrain-grand-prix-race-highlights/', '2018-04-09 12:20:52', '2018-04-09 12:20:52'),
(28, 1, 1, 'توییتر ۱.۲ میلیون حساب کاربری را به دلیل انتشار محتوای تروریستی بست', NULL, '<img src=\"https://cdn01.zoomit.ir/2017/8/59434a4c-2680-4275-b1b4-07fc4d1ec20f.jpg\" alt=\"توییتر ۱.۲ میلیون حساب کاربری را به دلیل انتشار محتوای تروریستی بست\" /><br/><p>توییتر در دو سال اخیر بیش از ۱.۲ میلیون حساب کاربری را به دلیل انتشار محتوای تروریستی به حالت تعلیق در آورده است.</p>\n', 'publish', 'open', 'rss', 'https://www.zoomit.ir/2018/4/8/270549/twitter-closed--million-accounts/', '2018-04-09 12:20:54', '2018-04-09 12:20:54'),
(29, 1, 1, 'نخستین موج وب‌‌ اپلیکیشن‌های پیشرو وارد استور ویندوز 10 شد', NULL, '<img src=\"https://cdn01.zoomit.ir/2018/4/af3cf0a3-0f23-420e-b0ad-59f966eb2413.jpg\" alt=\"نخستین موج وب‌‌ اپلیکیشن‌های پیشرو وارد استور ویندوز 10 شد\" /><br/><p>مایکروسافت طبق وعده&zwnj;ی پیشین خود، امروز نخستین موج از وب&zwnj;&zwnj; اپلیکیشن&zwnj;های پیشرو را وارد فروشگاه نرم&zwnj;افزاری ویندوز ۱۰ کرد.</p>\n', 'publish', 'open', 'rss', 'https://www.zoomit.ir/2018/4/8/270548/windows-10-pwa-hit-store/', '2018-04-09 12:20:55', '2018-04-09 12:20:55'),
(30, 1, 1, 'بیوگرافی مهران مدیری ', NULL, '<img src=\"https://cdn01.zoomit.ir/2018/4/7593a5ad-5f7b-4e59-9b08-3c145135381a.jpg\" alt=\"بیوگرافی مهران مدیری \" /><br/><p>به مناسبت تولد پنجاه و یک سالگی مهران مدیری، در این مطلب به بررسی زندگی حرفه&zwnj;ای این کارگردان و بازیگر محبوب کشورمان پرداخته&zwnj;ایم.</p>\n', 'publish', 'open', 'rss', 'https://www.zoomg.ir/2018/4/3/273558/mehran-modiri-biography/?rel=nofollow/', '2018-04-09 12:20:57', '2018-04-09 12:20:57'),
(31, 1, 1, 'آیا زاکربرگ می‌تواند دوباره اعتماد مردم را به دست آورد؟', NULL, '<img src=\"https://cdn01.zoomit.ir/2018/4/a951e0e3-956b-40c6-9c6c-ea64d9fef64d.jpg\" alt=\"آیا زاکربرگ می‌تواند دوباره اعتماد مردم را به دست آورد؟\" /><br/><p>مدیرعامل فیس&zwnj;بوک چگونه می&zwnj;تواند رسوایی سوءاستفاده از داده&zwnj;های ۸۷ میلیون کاربر را جبران کند و دوباره اعتماد مخاطبان خود را به دست آورد؟</p>\n', 'publish', 'open', 'rss', 'https://www.zoomit.ir/2018/4/8/270495/can-zuckerberg-rebuild-trust/', '2018-04-09 12:20:58', '2018-04-09 12:20:58'),
(32, 1, 1, 'نگاه عمیق به لکسوس LX مدل ۲۰۱۸', NULL, '<img src=\"https://cdn01.zoomit.ir/2018/4/78761820-d326-4aad-9643-acb208969b57.jpg\" alt=\"نگاه عمیق به لکسوس LX مدل ۲۰۱۸\" /><br/><p>نسل جدید لکسوس LX برای سال ۲۰۱۸ وارد بازار شده است. در این مطلب به بررسی نسخه&zwnj;ی&nbsp; پنچ نفره با دو ردیف صندلی و کد LX570 می&zwnj;پردازیم.</p>\n', 'publish', 'open', 'rss', 'https://www.zoomit.ir/2018/4/8/270506/2018-lexus-lx570-two-row-first-drive/', '2018-04-09 12:21:00', '2018-04-09 12:21:00'),
(33, 1, 2, 'برخی پیام رسان های ایرانی از فروشگاه اپلیکیشن اپل حذف شد', NULL, '<p>رسانه کلیک &#8211; در پی حذف اپلیکیشن های کشورمان از فروشگاه برنامه های کاربردی کمپانی اپل (اپ استور)، برخی پیام رسانهای ایرانی نیز به تازگی از این فروشگاه حذف شده اند. به گزارش کلیک به نقل از مهر؛ اقدام شرکت اپل در حذف اپلیکیشن های ایرانی به بهانه تحریم شرکت های ایرانی توسط آمریکا از سال [&#8230;]</p>\n<p>نوشته <a rel=\"nofollow\" href=\"https://click.ir/1397/01/20/iranian-messengers-app-store-deleted/\">برخی پیام رسان های ایرانی از فروشگاه اپلیکیشن اپل حذف شد</a> اولین بار در <a rel=\"nofollow\" href=\"https://click.ir\">رسانه کلیک</a> پدیدار شد.</p>\n', 'publish', 'open', 'rss', 'https://click.ir/1397/01/20/iranian-messengers-app-store-deleted/', '2018-04-09 12:21:01', '2018-04-09 12:21:01'),
(34, 1, 1, 'هش‌گرف؛ سیستمی با مزایای بلاک‌ چین و بدون محدودیت‌های آن', NULL, '<img src=\"https://cdn01.zoomit.ir/2018/4/b17a34ee-dab5-4af4-aeff-e4421d5a36ee.jpg\" alt=\"هش‌گرف؛ سیستمی با مزایای بلاک‌ چین و بدون محدودیت‌های آن\" /><br/><p>هش&zwnj;گرف یک فناوری دفتر کل توزیع&zwnj;شده است و می&zwnj;تواند ایرادات و محدودیت&zwnj;های بلاک&zwnj;چین را از میان ببرد ولی مزایای آن را داشته باشد.</p>\n', 'publish', 'open', 'rss', 'https://www.zoomit.ir/2018/4/7/270465/hashgraph-benefits-of-blockchain-without-limitations/', '2018-04-09 12:21:04', '2018-04-09 12:21:04'),
(35, 1, 2, 'فیلم Black Panther سومین فیلم پرفروش تاریخ آمریکا/ پلنگ سیاه تایتانیک را غرق کرد!', NULL, '<p>رسانه کلیک &#8211; اوایل سال جاری میلادی فیلم Black Panther بر روی پرده سینماها رفت و موفقیت بزرگی را برای سازندگان خود به ارمغان آورد. بر اساس جدیدترین آمار فروش، فیلم پلنگ سیاه تبدیل به سومین فیلم پرفروش در آمریکا شده است. برای چندین سال فیلم جیمز کامرون، تایتانیک تبدیل به یک استاندارد طلایی برای [&#8230;]</p>\n<p>نوشته <a rel=\"nofollow\" href=\"https://click.ir/1397/01/20/black-panther-third-highest-grossing-usa/\">فیلم Black Panther سومین فیلم پرفروش تاریخ آمریکا/ پلنگ سیاه تایتانیک را غرق کرد!</a> اولین بار در <a rel=\"nofollow\" href=\"https://click.ir\">رسانه کلیک</a> پدیدار شد.</p>\n', 'publish', 'open', 'rss', 'https://click.ir/1397/01/20/black-panther-third-highest-grossing-usa/', '2018-04-09 12:21:05', '2018-04-09 12:21:05'),
(36, 1, 2, 'اگر تلگرام فیلتر شود تنها ۳۷.۹ درصد کاربران به پیام رسانه های داخلی کوچ می کنند!', NULL, '<p>رسانه کلیک &#8211; در صورتی که اپلیکیشن تلگرام فیلتر شود، تنها 37.9 درصد کسانی که از آن استفاده می‌ کنند، حاضر به جایگزینی این شبکه اجتماعی مجازی با پیام‌ رسان‌ های داخلی هستند.  به گزارش کلیک به نقل از عصر ایران؛ طبق نظرسنجی نوروزی ملی مرکز افکار سنجی دانشجویان ایران وابسته به جهاد دانشگاهی، ۵۹ [&#8230;]</p>\n<p>نوشته <a rel=\"nofollow\" href=\"https://click.ir/1397/01/20/filter-telegram-local-messengers/\">اگر تلگرام فیلتر شود تنها ۳۷.۹ درصد کاربران به پیام رسانه های داخلی کوچ می کنند!</a> اولین بار در <a rel=\"nofollow\" href=\"https://click.ir\">رسانه کلیک</a> پدیدار شد.</p>\n', 'publish', 'open', 'rss', 'https://click.ir/1397/01/20/filter-telegram-local-messengers/', '2018-04-09 12:21:11', '2018-04-09 12:21:11'),
(37, 1, 2, 'استیو وزنیاک از فیس بوک خداحافظی کرد؛ تبعات رسوایی کمبریج آنالیتیکا تمامی ندارد!', NULL, '<p>رسانه کلیک  &#8211; رسوایی کمبریج آنالیتیکا دردسر جدیدی را برای فیس بوک ایجاد کرد. در جدیدترین اقدام یکی از بنیانگذاران اپل، استیو وزنیاک از این شبکه اجتماعی خداحافظی کرد. به علت رسوایی کمبریج آنالیتیکا یکی از افراد فعال در حوزه تکنولوژی از این شبکه اجتماعی خداحافظی کرد. یکی از بنیانگذاران اپل، استیو وزنیاک این موضوع را [&#8230;]</p>\n<p>نوشته <a rel=\"nofollow\" href=\"https://click.ir/1397/01/20/steve-wozniak-leaving-facebook/\">استیو وزنیاک از فیس بوک خداحافظی کرد؛ تبعات رسوایی کمبریج آنالیتیکا تمامی ندارد!</a> اولین بار در <a rel=\"nofollow\" href=\"https://click.ir\">رسانه کلیک</a> پدیدار شد.</p>\n', 'publish', 'open', 'rss', 'https://click.ir/1397/01/20/steve-wozniak-leaving-facebook/', '2018-04-09 12:21:14', '2018-04-09 12:21:14'),
(38, 1, 3, 'امیدوارم علی‌رغم کمبود آب در سال ۹۷ محصولات کشاورزی همانند سال ۹۶ یا بیشتر تولید شود', NULL, 'استاندار تهران اظهار امیدواری کرد علی‌رغم کمبود آب در سال ۹۷، محصولات کشاورزی همانند سال ۹۶ یا بیشتر تولید شود.', 'publish', 'open', 'rss', 'http://www.farsnews.com/13970120001242', '2018-04-09 12:21:15', '2018-04-09 12:21:15'),
(39, 1, 3, 'تعرض به امنیت و حریم مردم در پیام‌ رسان‌های داخلی «حرام شرعی» است', NULL, 'حضرت آیت‌الله خامنه‌ای با ابراز خرسندی از تبدیل‌شدن مطالبه ایجاد پیام‌رسان‌ها و شبکه‌های اجتماعی داخلی به مطالبه‌ای عمومی گفتند: مسئولان باید امنیت و حریم داخلی مردم و کشور را حفظ کنند و تعرض به آن «حرام شرعی» است.', 'publish', 'open', 'rss', 'http://www.farsnews.com/13970120001142', '2018-04-09 12:21:16', '2018-04-09 12:21:16'),
(40, 1, 3, 'برخورد قاطعانه و غیرمحافظه‌کارانه صیاد شیرازی در برابر دشمنان تبلور دائمی داشت', NULL, 'وزارت دفاع در بیانیه‌ای تاکید کرد: صلابت و برخورد قاطعانه و غیرمحافظه‌کارانه صیاد شیرازی در برابر دشمنان ملت ایران به ویژه دشمن بعثی، تروریست های تحت حمایت استکبار جهانی و نیز گروهک منفور و پلید منافقین در دفاع مقدس هشت ساله و پس از آن تبلور دائمی داشته است.', 'publish', 'open', 'rss', 'http://www.farsnews.com/13970120001152', '2018-04-09 12:21:16', '2018-04-09 12:21:16'),
(41, 1, 3, 'خشت کجی که «محمدعلی نجفی» در تاسیس صندوق ذخیره فرهنگیان گذاشت', NULL, 'با توجه به بررسی‌های کارشناسی و تحقیقات حقوق‌دانان و گروه تحقیق و تفحص مجلس در گزارش از صندوق ذخیره فرهنگیان، اولین خشت کج، در بزرگترین تخلف مالی این صندوق توسط محمدعلی نجفی در زمان تاسیس صندوق گذاشته شده است.', 'publish', 'open', 'rss', 'http://www.farsnews.com/13970120001041', '2018-04-09 12:21:17', '2018-04-09 12:21:17'),
(42, 1, 5, 'مهناز افشار صدای استقلالی‌ها شد', NULL, 'مهناز افشار بازیگر سرشناس سینمای ایران به فیلم «آبی به رنگ آسمان» پیوست و قرار شد راوی فیلمی باشد که در مورد تاریخ باشگاه استقلال است.', 'publish', 'open', 'rss', 'http://www.farsnews.com/13970120001048', '2018-04-09 12:21:17', '2018-04-09 12:21:17'),
(43, 1, 3, 'قبول داریم وضعیت خوبی نیست و برخلاف میل ماست/ باید سیاست‌های‌مان را تغییر دهیم', NULL, 'سخنگوی دولت گفت: [نرخ ارز در] وضعیت خوبی نیست و برخلاف میل ماست. این عدم تعادل نشان می‌دهد شرایط ما تغییر کرده و ما باید سیاست‌های‌مان را تغییر دهیم.', 'publish', 'open', 'rss', 'http://www.farsnews.com/13970120000952', '2018-04-09 12:21:18', '2018-04-09 12:21:18'),
(44, 1, 5, 'داور اسکاتلندی قاضی بازی بایرن  - سویا/ داور انگلیسی بازی رئال- یووه را سوت می‌زند', NULL, 'داوران دو دیدار روز سه‌شنبه در دور برگشت مرحله یک‌چهارم نهایی لیگ قهرمانان اروپا معرفی شدند.', 'publish', 'open', 'rss', 'http://www.farsnews.com/13970120001268', '2018-04-09 12:21:18', '2018-04-09 12:21:18'),
(45, 1, 3, 'نخواهیم گذاشت ثبات اقتصاد کشور با شوک‌های بیرونی و فضاسازی داخلی آسیب بیند/ نیازمند اقدامات جدّی تری در اقتصاد هستیم', NULL, 'معاون اوّل رئیس جمهور با بیان اینکه ثبات اقتصادی یکی از مهمترین دستاوردهای اقتصادی دولت و نظام است، گفت: نخواهیم گذاشت با شوک های بیرونی و فضاسازی داخلی این دستاورد مهم کشور آسیب ببیند.', 'publish', 'open', 'rss', 'http://www.farsnews.com/13970120000953', '2018-04-09 12:21:18', '2018-04-09 12:21:18'),
(46, 1, 5, 'تصاویر و فیلم حضور وکیل بیرانوند برای توقیف اموال باشگاه نفت', NULL, 'وکیل دروازه‌بان سابق تیم فوتبال نفت تهران برای توقیف اموال این باشگاه امروز راهی محل تمرین این تیم شد.', 'publish', 'open', 'rss', 'http://www.farsnews.com/13970120001250', '2018-04-09 12:21:18', '2018-04-09 12:21:18'),
(47, 1, 5, 'حسینی: شرایط تیم بهتر شده، قهرمان شده‌ایم ولی فشار زیاد است/هواداران پرسپولیس را از نظر روانی و انگیزه تیمار کنند', NULL, 'کاپیتان تیم فوتبال پرسپولیس گفت: دو قهرمانی پیاپی حاصل کار همه تیم است. نباید در حق بعضی بچه‌ها اجحاف شود. آقای گرشاسبی هم زیاد تلاش می‌کند. شرایط هم بهتر شده است، رکورد سال قبل را هم زده‌ایم ولی باز فشارها زیاد است و هواداران باید کمک کنند.', 'publish', 'open', 'rss', 'http://www.farsnews.com/13970120001253', '2018-04-09 12:21:19', '2018-04-09 12:21:19'),
(48, 1, 3, 'نشستی با موضوع همکاری میان استان‌های ایران و روسیه در ولگاگراد برگزار خواهد شد', NULL, 'ویچسلاو والودین با تاکید بر اهمیت روابط میان استان‌های ایران و روسیه از برگزاری نشستی در این باره در استان ولگاگراد در آینده خبر داد.', 'publish', 'open', 'rss', 'http://www.farsnews.com/13970120000742', '2018-04-09 12:21:19', '2018-04-09 12:21:19'),
(49, 1, 5, 'کنفدراسیون آسیا 15 داور را معرفی کرد', NULL, 'کنفدراسیون والیبال آسیا (AVC) پانزده داور را برای قضاوت در رقابت‌های قهرمانی نوجوانان آسیا در تبریز معرفی کرد.', 'publish', 'open', 'rss', 'http://www.farsnews.com/13970120001248', '2018-04-09 12:21:19', '2018-04-09 12:21:19'),
(50, 1, 3, 'رهبر انقلاب: از مشتری‌های همیشگی روایت فتح بودم/ صدایی که بزرگترین حرف‌ها را می‌زد خودش هم معتقد بود', NULL, 'رهبر انقلاب درباره شهید آوینی گفته بودند: من تا مدّتها که روایت فتح پخش می‌شد، اصلاً شهید آوینی را نمی‌شناختم؛ ولی از مشتری‌های همیشگی روایت فتح بودم، یعنی هر شب جمعه، حتماً می‌نشستم و این برنامه را نگاه می‌کردم.', 'publish', 'open', 'rss', 'http://www.farsnews.com/13970120000811', '2018-04-09 12:21:19', '2018-04-09 12:21:19'),
(51, 1, 2, 'فیلترینگ اپلیکیشن تلگرام چه مزایا و معایبی دارد؟', NULL, '<p>رسانه کلیک &#8211; شورای مرکزی سازمان نظام صنفی رایانه‌ ای با ارسال نامه‌ ای به دبیر شورای عالی فضای مجازی، پیشنهادها و راهکارهای خود درباره فیلترینگ اپلیکیشن تلگرام و جایگزینی آن با پیام رسان های داخلی را، اعلام کرد. به گزارش کلیک به نقل از مهر؛ با توجه به زمزمه های اخیر در خصوص فیلترینگ اپلیکیشن [&#8230;]</p>\n<p>نوشته <a rel=\"nofollow\" href=\"https://click.ir/1397/01/20/telegram-filtering-pros-and-cons/\">فیلترینگ اپلیکیشن تلگرام چه مزایا و معایبی دارد؟</a> اولین بار در <a rel=\"nofollow\" href=\"https://click.ir\">رسانه کلیک</a> پدیدار شد.</p>\n', 'publish', 'open', 'rss', 'https://click.ir/1397/01/20/telegram-filtering-pros-and-cons/', '2018-04-09 12:21:20', '2018-04-09 12:21:20'),
(52, 1, 5, 'نمایندگان ایران به جمع هشت تیم برتر راه پیدا کردند', NULL, 'تیم ملی الف و ب والیبال ساحلی ایران با شکست نمایندگان ژاپن به عنوان صدرنشین گروه های سوم و چهارم به جمع هشت تیم برتر تور جهانی تایلند راه یافتند.', 'publish', 'open', 'rss', 'http://www.farsnews.com/13970120001245', '2018-04-09 12:21:20', '2018-04-09 12:21:20'),
(53, 1, 3, 'غنی‌سازی ۲۰ درصدی را طی ۲ روز هم می‌توانیم انجام دهیم', NULL, 'سخنگوی سازمان انرژی اتمی با تأیید امکان غنی‌سازی ۲۰ درصدی طی ۴ روز گفت: ما می‌توانیم این غنی‌سازی را در ۲ روز هم انجام دهیم.', 'publish', 'open', 'rss', 'http://www.farsnews.com/13970120000803', '2018-04-09 12:21:20', '2018-04-09 12:21:20'),
(54, 1, 5, 'رکورد منحصر به فرد بوفون در لیگ قهرمانان اروپا+عکس', NULL, 'دروازه‌بان اسطوره‌ای یوونتوس در پیکارهای لیگ قهرمانان اروپا رکورد منحصر به فردی را از خود به نمایش گذاشته است.', 'publish', 'open', 'rss', 'http://www.farsnews.com/13970120001238', '2018-04-09 12:21:20', '2018-04-09 12:21:20'),
(55, 1, 3, 'کمیته مشترک پارلمانی همکاری‌های ایران و روسیه را توسعه می‌دهد', NULL, 'رئیس مجلس شورای اسلامی تشکیل کمیته مشترک پارلمانی ایران و روسیه تنوع همکاری‌های دو کشور در زمینه‌های تجاری و سیاسی را توسعه می‌دهد.', 'publish', 'open', 'rss', 'http://www.farsnews.com/13970120000732', '2018-04-09 12:21:21', '2018-04-09 12:21:21'),
(56, 1, 3, 'یادداشت تفاهم پارلمانی میان ایران و روسیه امضاء شد', NULL, 'امروز دوشنبه ۲۰ فروردین یادداشت تفاهم پارلمانی میان علی لاریجانی رئیس مجلس شورای اسلامی و ویا چسلاووالودین رئیس دومای دولتی روسیه که به ایران سفر کرده است امضاء شد.', 'publish', 'open', 'rss', 'http://www.farsnews.com/13970120000708', '2018-04-09 12:21:22', '2018-04-09 12:21:22'),
(57, 1, 5, 'محمد صلاح همه عناوین انفرادی را درو می‌کند+عکس', NULL, 'مهاجم مسلمان لیورپول با درخشش در ترکیب تیم‌هایی که به میدان رفته، عناوین انفرادی را درو می‌کند.', 'publish', 'open', 'rss', 'http://www.farsnews.com/13970120001215', '2018-04-09 12:21:22', '2018-04-09 12:21:22'),
(58, 1, 3, 'رعایت حریم شخصی در پیام‌رسان های داخلی/ به‌دنبال رقابت بین‌المللی در حوزه فضای مجازی هستیم', NULL, 'وزیر ارتباطات و فناوری اطلاعات با اشاره به نحوه حمایت این وزارتخانه از پیام‌رسان‌های داخلی گفت: تا کنون ۵ میلیاردتومان تسهیلات و پهنای باندی بیش از تلگرام در اختیار پیام‌رسان‌های داخلی قرار داده‌ایم.', 'publish', 'open', 'rss', 'http://www.farsnews.com/13970120000756', '2018-04-09 12:21:22', '2018-04-09 12:21:22'),
(59, 1, 5, 'ریاضی:‌ مانند مجمع قبلی با استعفای خادم مخالفت شد/ رئیس فدراسیون در این مدت غیبت نداشته است ', NULL, 'رئیس هیأت کشتی خراسان رضوی گفت: تعدادی از اعضای مجمع مسئول مذاکره با رسول خادم برای بازگشت به فدراسیون شدند.', 'publish', 'open', 'rss', 'http://www.farsnews.com/13970120001214', '2018-04-09 12:21:22', '2018-04-09 12:21:22'),
(60, 1, 5, 'بنی‌‌تمیم: مجمع فدراسیون کشتی خادم را مکلف به بازگشت به فدراسیون کرد/ امیدوارم سرپرستی من اتفاق نیفتد', NULL, 'نایب رئیس فدراسیون کشتی گفت: تمام اعضای مجمع متفق‌القول خادم را مکلف به بازگشت به فدراسیون کردند. ', 'publish', 'open', 'rss', 'http://www.farsnews.com/13970120001213', '2018-04-09 12:21:23', '2018-04-09 12:21:23'),
(61, 1, 3, 'کسانی که جمهوری اسلامی را متهم به «سلطه‌جویی منطقه‌ای» می‌کنند از خانواده شهدای مدافع حرم عذرخواهی کنند', NULL, 'عضو مجمع تشخیص مصلحت نظام گفت: کسانی که جمهوری اسلامی را همنوا با آمریکا و اسلام آمریکایی متهم به «سلطه جویی منطقه‌ای» می‌کنند باید استغفار و از خانواده شهدای حرم عذرخواهی کنند.', 'publish', 'open', 'rss', 'http://www.farsnews.com/13970120000749', '2018-04-09 12:21:23', '2018-04-09 12:21:23'),
(62, 1, 5, '26 فروردین، آخرین فرصت برای بازگشت رسول خادم', NULL, 'پس از بحث و بررسی های فراوان و صحبت اعضای مجمع در نهایت تصمیم گرفته شد تا به خادم برای بازگشت به فدراسیون کشتی مهلتی در نظر گرفته شود.', 'publish', 'open', 'rss', 'http://www.farsnews.com/13970120001205', '2018-04-09 12:21:23', '2018-04-09 12:21:23'),
(63, 1, 3, 'در تلگرام فعالیت اقتصادی خاصی صورت نمی گیرد/ در تلاشیم تا جایگزین‌هایی برای تلگرام داشته باشیم', NULL, 'دبیر شورای عالی فضای مجازی گزارشی از عملکرد تلگرام و نحوه جایگزینی پیام‌رسان بومی ارائه کرد.', 'publish', 'open', 'rss', 'http://www.farsnews.com/13970120000745', '2018-04-09 12:21:24', '2018-04-09 12:21:24'),
(64, 1, 5, 'دژاگه:می‌توانستم در انگلیس بمانم  اما امکانات اینجا هم خوب است/امیدوارم به جام جهانی برسم', NULL, 'کاپیتان تیم ملی فوتبال ایران گفت:کی‌روش و کارانکا با هم صحبت کرده اند و باشگاه ناتینگهام به خوبی می داند که حضور در جام جهانی تا چه حد برای من مهم است تا ان شاءالله بتوانم برای کمک به تیم ملی به مسابقات جام جهانی برسم.', 'publish', 'open', 'rss', 'http://www.farsnews.com/13970120001202', '2018-04-09 12:21:24', '2018-04-09 12:21:24'),
(65, 1, 2, 'مارک زاکربرگ رسوایی کمبریج آنالیتیکا را گردن گرفت/ هنوز هم در فیس بوک بهترین هستم!', NULL, '<p>رسانه کلیک &#8211; طبق اخبار جدیدی که توسط رسانه ها نقل شده، موسس و مدیر کل فیس بوک به تازگی مسئولیت رسوایی کمبریج آنالیتیکا را شخصا به عهده گرفته است. مارک زاکربرگ مدیر عامل فیس بوک مانند دیگر انسان ها به اشتباه دچار می شود، اما اشتباهی که در موسسه فیس بوک پیش آمده، عواقب [&#8230;]</p>\n<p>نوشته <a rel=\"nofollow\" href=\"https://click.ir/1397/01/20/mark-zuckerberg-facebook-scandal/\">مارک زاکربرگ رسوایی کمبریج آنالیتیکا را گردن گرفت/ هنوز هم در فیس بوک بهترین هستم!</a> اولین بار در <a rel=\"nofollow\" href=\"https://click.ir\">رسانه کلیک</a> پدیدار شد.</p>\n', 'publish', 'open', 'rss', 'https://click.ir/1397/01/20/mark-zuckerberg-facebook-scandal/', '2018-04-09 12:21:24', '2018-04-09 12:21:24'),
(66, 1, 3, 'بررسی تهدیدها و فرصت‌های تلگرام در کمیسیون مشترک امنیت و اقتصاد مجلس', NULL, 'سخنگوی کمیسیون امنیت ملی مجلس، گفت: تهدیدها و فرصت‌های تلگرام در کمیسیون مشترک امنیت ملی و اقتصادی مورد بررسی قرار گرفت.', 'publish', 'open', 'rss', 'http://www.farsnews.com/13970120000719', '2018-04-09 12:21:25', '2018-04-09 12:21:25'),
(67, 1, 5, ' کاش اظهار نظر آدم‌های بزرگ به اندازه خودشان بزرگ بود/ این جواب لطف ذوب آهن نیست', NULL, 'باشگاه ذوب آهن نسبت به اظهارات بهداد سلیمی نسبت به عدم پرداخت مطالباتش پاسخ داد.\n\n', 'publish', 'open', 'rss', 'http://www.farsnews.com/13970120001176', '2018-04-09 12:21:25', '2018-04-09 12:21:25'),
(68, 1, 3, 'تأیید ۵ شبکه پیام رسان داخلی توسط وزارت ارتباطات', NULL, 'رئیس کمیسیون امنیت ملی از بروز شبهات سازمان یافته علیه پیام‌رسان‌های داخلی انتقاد کرد.', 'publish', 'open', 'rss', 'http://www.farsnews.com/13970120000722', '2018-04-09 12:21:25', '2018-04-09 12:21:25'),
(69, 1, 5, 'اعتراض هواداران پرسپولیس به ماندن پشت درهای تمرین + عکس ', NULL, 'هواداران تیم پرسپولیس که اجازه ورود به محل تمرین این تیم را نداشتند نسبت به این مسئله معترض بودند.', 'publish', 'open', 'rss', 'http://www.farsnews.com/13970120001175', '2018-04-09 12:21:26', '2018-04-09 12:21:26'),
(70, 1, 3, 'واردات اقتصاد کشور را بیچاره کرد/ درآمد 11 هزار میلیارد تومانی دولت از محل افزایش قیمت ارز در سال 96', NULL, 'عضو فراکسیون مستقلان ولایی مجلس گفت: دولت از محل افزایش قیمت ارز در سال 96، 11 هزار میلیارد تومان درآمد داشته و طبق گفته سخنگوی دولت اگر این میزان درآمد نبود پیش‌بینی‌های لایحه بودجه در خصوص منابع آن در سال 96 محقق نمی‌شد.', 'publish', 'open', 'rss', 'http://www.farsnews.com/13970120000562', '2018-04-09 12:21:26', '2018-04-09 12:21:26'),
(71, 1, 5, 'کتاب شعر مدافع پرسپولیس اردیبهشت ماه منتشر خواهد شد+ عکس ', NULL, 'مدافع تیم پرسپولیس همزمان با نمایشگاه بین المللی کتاب در تهران اولین کتاب شعر خود را رونمایی خواهد کرد. ', 'publish', 'open', 'rss', 'http://www.farsnews.com/13970120001163', '2018-04-09 12:21:26', '2018-04-09 12:21:26'),
(72, 1, 3, 'از انتقاد تشکل‌های دانشجویی به نامه حامیان جریان انحرافی تا افزایش قیمت دلار و سکوت رئیس‌جمهور', NULL, 'افزایش قیمت دلار، پخش سریال پایتخت 5 و نامه تعدادی از فعالان دانشجویی سابق در حمایت از جریان انحرافی‌ از مسائلی بود که در روزهای اخیر واکنش‌های زیادی را در فضای مجازی از سوی دانشگاهیان به خود اختصاص داد.', 'publish', 'open', 'rss', 'http://www.farsnews.com/13970120000560', '2018-04-09 12:21:27', '2018-04-09 12:21:27'),
(73, 1, 5, 'دهخدا: بلاتکلیفی کشتی منجر به تعلیق بین‌المللی خواهد شد', NULL, 'رئیس فدراسیون ورزش‌های دانشجویی گفت: تعلیق کشتی ایران زمینه ساز تعلیق ورزش ایران از سوی کمیته بین المللی المپیک خواهد شد ', 'publish', 'open', 'rss', 'http://www.farsnews.com/13970120001154', '2018-04-09 12:21:27', '2018-04-09 12:21:27'),
(74, 1, 3, 'دو میلیارد تومان به‌عنوان یارانه احزاب اختصاص یافت/ تمام احزاب تا 14 خرداد شرایط خود را با قانون جدید تطبیق دهند', NULL, 'دبیرکمیسیون ماده 10 احزاب از تخصیص دو میلیارد تومان به‌عنوان یارانه احزاب خبر داد و گفت: تمام احزاب پروانه‌دار که تاکنون در جهت تطبیق با قانون احزاب اعلام موضع نکرده‌اند باید تا 14 خرداد شرایط خود را با قانون جدید تطبیق دهند.', 'publish', 'open', 'rss', 'http://www.farsnews.com/13970120000641', '2018-04-09 12:21:27', '2018-04-09 12:21:27'),
(75, 1, 5, 'محمدصلاح بازیکن برتر ماه مارس فوتبال انگلیس', NULL, 'مهاجم مصری تیم فوتبال لیورپول انگلیس برای چهارمین مرتبه به عنوان بازیکن ماه انتخاب شد.', 'publish', 'open', 'rss', 'http://www.farsnews.com/13970120001129', '2018-04-09 12:21:28', '2018-04-09 12:21:28'),
(76, 1, 2, 'تحریم 24 ساعته فیس بوک، واتس اپ و اینستاگرام از سوی کاربران سراسر جهان', NULL, '<p>رسانه کلیک &#8211; به نظر می رسد رسوایی بزرگ فیس بوک بیش از پیش برای این شبکه اجتماعی دردسر ایجاد خواهد کرد. کاربران در سراسر جهان در حال برنامه ریزی برای تحریم فیس بوک به مدت 24 ساعت در تاریخ 11 آوریل هستند. روز چهارشنبه موسس و مدیرعامل فیس بوک، مارک زاکربرگ در کنگره آمریکا [&#8230;]</p>\n<p>نوشته <a rel=\"nofollow\" href=\"https://click.ir/1397/01/20/one-day-boycott-of-facebook-april-11th/\">تحریم 24 ساعته فیس بوک، واتس اپ و اینستاگرام از سوی کاربران سراسر جهان</a> اولین بار در <a rel=\"nofollow\" href=\"https://click.ir\">رسانه کلیک</a> پدیدار شد.</p>\n', 'publish', 'open', 'rss', 'https://click.ir/1397/01/20/one-day-boycott-of-facebook-april-11th/', '2018-04-09 12:21:28', '2018-04-09 12:21:28'),
(77, 1, 5, 'واریز بودجه یک میلیاردی به کشتی', NULL, 'معاون حرفه‌ای و قهرمانی وزارت ورزش از پرداخت یک میلیارد تومان به فدراسیون کشتی خبر داد.', 'publish', 'open', 'rss', 'http://www.farsnews.com/13970120001124', '2018-04-09 12:21:29', '2018-04-09 12:21:29'),
(78, 1, 5, '9 تکواندوکار کشورمان  به پرو دعوت شدند', NULL, 'با دعوت فدراسیون تکواندو پرو، 9 هوگوپوش و 2 مربی کشورمان ساعت 5:30 بامداد روز چهارشنبه (22 فروردین‌ماه) به منظور حضور در اردوی تمرینی این کشور راهی \"پرو\" می‌شوند.', 'publish', 'open', 'rss', 'http://www.farsnews.com/13970120001080', '2018-04-09 12:21:30', '2018-04-09 12:21:30'),
(79, 1, 3, 'رفتارهای خودخواهانه و خلاف قانون جنابعالی تداعی‌کننده قبیله‌گرایی حاد سیاسی است/ تفاوت غائله بقایی با رحیمی دقیقا چیست؟', NULL, 'جمعی از دانشجویان دانشگاه علامه طباطبائی طی نامه‌ای خطاب به احمدی نژاد از اقدامات وی گلایه کردند و نوشتند: رفتارهای خودخواهانه و خلاف قانون جنابعالی تداعی کننده قبیله گرایی حاد سیاسی است و شما خود به بخشی از مشکل تبدیل شده اید.', 'publish', 'open', 'rss', 'http://www.farsnews.com/13970120000500', '2018-04-09 12:21:30', '2018-04-09 12:21:30'),
(80, 1, 5, 'پرسپولیس و ذوب‌آهن ۹ پله صعود کردند؛ استقلال ۲۶ پله اوج گرفت', NULL, 'در جدید‌ترین رنکینگ تیم‌های برتر فوتبال جهان،پرسپولیس و ذوب‌آهن ۹ پله صعود کردند و استقلال تهران با صعود ۲۶ پله‌آی مواجه شد.', 'publish', 'open', 'rss', 'http://www.farsnews.com/13970120001066', '2018-04-09 12:21:31', '2018-04-09 12:21:31'),
(81, 1, 3, 'مسئولیت کمیته‌های رسانه، سیاسی و اقشار جبهه مردمی مشخص شد/ برگزاری نشست دبیران استانی پیش از آغاز ماه مبارک رمضان', NULL, 'عضو هیأت رئیسه جبهه مردمی نیروهای انقلاب اسلامی از انتصاب سید محمد حسینی به عنوان مسئول کمیته رسانه و مهدی محمدی به عنوان ریاست کمیته سیاسی جبهه مردمی خبر داد و گفت: برنامه اجرایی جمنا درباره اهداف و رویکردها تدوین و نهایی شد.', 'publish', 'open', 'rss', 'http://www.farsnews.com/13970120000546', '2018-04-09 12:21:32', '2018-04-09 12:21:32'),
(82, 1, 3, 'فیلم/ روحانی: می‌گویند تازه فهمیدیم در برجام سرمان کلاه رفته است/ ساختمان برجام در برابر زلزله 10 ریشتری هم مقاوم بوده است', NULL, 'رئیس‌جمهور کشورمان در سخنرانی خود در روز ملی فناوری هسته‌ای با اشاره به تلاش 15 ماهه رئیس‌جمهور آمریکا برای برهم زدن برجام اذعان داشت که ساختمان برجام آن‌قدر محکم بوده است که حتی با زلزله 10 ریشتری هم پابرجاست.', 'publish', 'open', 'rss', 'http://www.farsnews.com/13970120000553', '2018-04-09 12:21:33', '2018-04-09 12:21:33'),
(83, 1, 3, 'رئیس دومای دولتی روسیه با رئیس مجلس شورای اسلامی دیدار کرد', NULL, 'ویچسلاو والودین در ساختمان مشروطه مجلس با علی لاریجانی دیدار و گفت‌وگو کرد.', 'publish', 'open', 'rss', 'http://www.farsnews.com/13970120000519', '2018-04-09 12:21:33', '2018-04-09 12:21:33'),
(84, 1, 3, 'ترکیه به تمامیت ارضی و حاکمیت ملی سوریه احترام بگذارد/ داعش نمی تواند مانند سوریه و عراق در افغانستان رشد کند', NULL, 'وزیر دفاع و پشتیبانی نیروهای مسلح گفت: امیدوار هستم برادران ترکیه ای ما به تمامیت ارضی و حاکمیت ملی سوریه احترام بگذارند. کشورهایی که بدون هماهنگی با دولت سوریه وارد این کشور شده اند، باید خاک این کشور را ترک کنند.', 'publish', 'open', 'rss', 'http://www.farsnews.com/13970120000531', '2018-04-09 12:21:34', '2018-04-09 12:21:34'),
(85, 1, 3, 'شایعه پرواز هواپیماهای خارجی در آسمان ارزش پاسخگویی نداشت/ هواپیمایی بخواهد نزدیک شود پاسخ کوبنده خواهیم داد', NULL, 'فرمانده قرارگاه پدافند هوایی گفت: در روزهای گذشته یاوه گویی‌هایی از برخی از رسانه‌های دشمنان در خصوص پرواز هواپیماهایی در کشور شنیده شد که ارزش پاسخگویی نداشت اما همینجا می گویم که اگر کشوری حماقتی انجام دهد و هواپیمایش نزدیک شود قطعا پدافند هوایی پاسخ کوبنده می‌دهد.', 'publish', 'open', 'rss', 'http://www.farsnews.com/13970120000495', '2018-04-09 12:21:34', '2018-04-09 12:21:34'),
(86, 1, 3, 'مراقب باشیم عدم خرید کالای خارجی موجب افزایش قیمت محصولات ایرانی نشود', NULL, 'در بیانیه جامعه اسلامی کارگران آمده است:  کیفیت کالای تولیدی نه تنها در حد استاندارد ملی، بلکه در حد استانداردهای جهانی تولید شوند که خریداران داخلی و همچنین خارجی را نیز مشتاق خرید کالاهای ایرانی کند.', 'publish', 'open', 'rss', 'http://www.farsnews.com/13970120000489', '2018-04-09 12:21:34', '2018-04-09 12:21:34'),
(87, 1, 5, 'صعود ۱۶ و ۲۷ پله‌ای برانکو و قلعه‌نویی در رنکینگ مربیان جهان', NULL, 'در جدید‌ترین رده‌بندی برترین مربیان جهان برانکو و قلعه‌نویی به ترتیب ۱۶ و ۲۷ پله صعود کردند.', 'publish', 'open', 'rss', 'http://www.farsnews.com/13970120001114', '2018-04-09 12:21:35', '2018-04-09 12:21:35'),
(88, 1, 5, 'خادم به رای مجمع و نظر مردم احترام بگذارد', NULL, 'اعضای مجمع با انتشار نامه ای خطاب به وزیر ورزش و جوانان خواستار بازگشت رسول خادم شدند.', 'publish', 'open', 'rss', 'http://www.farsnews.com/13970120001079', '2018-04-09 12:21:35', '2018-04-09 12:21:35'),
(89, 1, 3, 'باید تهدیدهای دشمن را جدی گرفت/ لزوم اشراف اطلاعاتی، اجتناب از غافلگیری و توسعه و تعمیق قدرت دفاعی', NULL, 'فرمانده قرارگاه مرکزی خاتم الانبیاء(ص) گفت: باید تهدیدهای دشمن را جدی بگیرید و با برخورداری از اشراف اطلاعاتی، اجتناب از غافلگیری و توسعه و تعمیق قدرت دفاعی آمادگی صد در صدی خود را حفظ کنید.', 'publish', 'open', 'rss', 'http://www.farsnews.com/13970120000477', '2018-04-09 12:21:36', '2018-04-09 12:21:36'),
(90, 1, 3, 'دستاوردهای امروز برای کسانی که بدون دقّت حرف می‌زنند پیام روشنی دارد/اگر پیمان بشکنند کمتر از یک‌هفته نتایجش را خواهند دید', NULL, 'رئیس جمهور با اشاره به دستاوردهای رونمایی شده در مراسم روز ملّی فناوری هسته‌ای گفت: این دستاوردها، برای برخی از دوستانی که گاهی بدون دقّت حرف می‌زنند بسیار پیام روشنی دارد.', 'publish', 'open', 'rss', 'http://www.farsnews.com/13970120000452', '2018-04-09 12:21:37', '2018-04-09 12:21:37'),
(91, 1, 5, 'داورزنی: ادامه بلاتکلیفی کشتی به صلاح ورزش ایران نیست/ علاقمند بودیم خادم به کار خود ادامه دهد', NULL, 'معاون حرفه‌ای و قهرمانی وزارت ورزش گفت: علاقمند بوديم رسول خادم به عنوان رياست فدراسيون كشتي به كار خود ادامه دهد ', 'publish', 'open', 'rss', 'http://www.farsnews.com/13970120001071', '2018-04-09 12:21:37', '2018-04-09 12:21:37'),
(92, 1, 3, 'وزیر صنعت درباره حمایت از تولید داخلی ماهانه به مجلس گزارش دهد', NULL, 'رئیس مجلس شورای اسلامی گفت: وزیر صنعت و کمیسیون حمایت از تولید ملی باید ماهانه گزارشی درباره حمایت از تولید داخل به مجلس ارائه دهند.', 'publish', 'open', 'rss', 'http://www.farsnews.com/13970120000343', '2018-04-09 12:21:38', '2018-04-09 12:21:38'),
(93, 1, 3, 'هیچ توجیهی برای حمایت از فعالیت تلگرام وجود ندارد/ جوانان مستعد توانایی برطرف‌کردن نیاز کشور در عرصه پیام‌رسانی را دارند', NULL, 'جمعیت ایثارگران انقلاب اسلامی تاکید کرده است: در شرایطی که جمع زیادی از جوانان مستعد کشور توانایی برطرف کردن نیاز کشور در عرصه پیام‌رسانی را دارند، توجیهی برای حمایت علنی و پشت پرده از فعالیت تلگرام وجود ندارد.', 'publish', 'open', 'rss', 'http://www.farsnews.com/13970120000242', '2018-04-09 12:21:41', '2018-04-09 12:21:41'),
(94, 1, 5, 'نیک‌نفس: با این نوع پرداختی یک سال مجانی بازی کردم/ به هدفمان در این فصل رسیدیم', NULL, 'هافبک تیم فوتبال صنعت نفت آبادان، گفت: 50 درصد از فصل قبل طلب دارم و امسال هم 50 درصد دریافتی داشتم. با این شرایط در 2 سال اخیر یک سال مجانی بازی کردم.', 'publish', 'open', 'rss', 'http://www.farsnews.com/13970120001040', '2018-04-09 12:21:41', '2018-04-09 12:21:41'),
(95, 1, 5, 'دیدار سیاه جامگان و سایپا ساعت ۱۶ آغاز می شود', NULL, 'مسابقه دو تیم سیاه جامگان و سایپا از هفته بیست و هشتم لیگ برتر ساعت ۱۶ آغاز می شود.‏', 'publish', 'open', 'rss', 'http://www.farsnews.com/13970120001017', '2018-04-09 12:21:42', '2018-04-09 12:21:42'),
(96, 1, 3, 'مالیات بر ارزش افزوده از مشکلات تولیدکنندگان است', NULL, 'وزیر صنعت یکی از مشکلات امروز تولیدکنندگان را مالیات بر ارزش افزوده خواند و گفت: تقاضای تولیدکنندگان این است که تنها از مصرف کننده نهایی مالیات اخذ شود.', 'publish', 'open', 'rss', 'http://www.farsnews.com/13970120000231', '2018-04-09 12:21:42', '2018-04-09 12:21:42'),
(97, 1, 5, 'درفشی‌پور: تنهایی را حس می‌کردم، اما قهرمان دنیا را شکست دادم/ برای رسیدن به مراکش سه هفته تمرین کردم', NULL, 'دارنده نشان طلای لیگ جهانی کاراته وان ترکیه گفت:  واقعاً تنهایی را در مراکش حس می‌کردم اما توانستم قهرمان دنیا و اروپا را شکست دهم.', 'publish', 'open', 'rss', 'http://www.farsnews.com/13970120001002', '2018-04-09 12:21:44', '2018-04-09 12:21:44'),
(98, 1, 3, 'شریک کردن شرکت‌های خارجی‌ در پروژه‌ها برای یادگیری کیفیت و زمانبندی از آنهاست', NULL, 'وزیر نفت گفت: در پروژه‌های آی‌پی‌سی شرکت‌های خارجی را حداقل 30 درصد شریک می‌کنیم تا کیفیت و زمانبندی را از آنان یاد بگیریم.', 'publish', 'open', 'rss', 'http://www.farsnews.com/13970120000141', '2018-04-09 12:21:45', '2018-04-09 12:21:45'),
(99, 1, 5, '۴ ستاره مونیخی و دورتموندی در تیم منتخب هفته بوندس‌لیگا', NULL, '۴ ستاره تیم‌های بایرن مونیخ و بورسیادورتموند به تیم منتخب هفته بیست و نهم بوندس‌لیگا راه یافتند.', 'publish', 'open', 'rss', 'http://www.farsnews.com/13970120001042', '2018-04-09 12:21:45', '2018-04-09 12:21:45'),
(100, 1, 3, 'گزارش دبیرکل حزب کار از 5 میلیون بیکار/ انتظار اصلاح‌طلبان از کابینه دوازدهم در سال 96', NULL, 'دبیرکل حزب اصلاح‌طلب کار در سال 96 گفته بود: طبق اعلام مراکز رسمی بیش از 5 میلیون بیکار داریم که 400 هزار واحد صنعتی دچار مشکل است و خبرهای خوبی در این زمینه نیست.', 'publish', 'open', 'rss', 'http://www.farsnews.com/13961218000560', '2018-04-09 12:21:45', '2018-04-09 12:21:45'),
(101, 1, 5, 'موراتا گزینه جانشینی مانژوکیچ در یوونتوس', NULL, 'احتمال دارد در پایان فصل جاری مهاجم اسپانیایی چلسی به یوونتوس بازگشته و جانشین سانترفوروارد کروات شود.', 'publish', 'open', 'rss', 'http://www.farsnews.com/13970120001021', '2018-04-09 12:21:46', '2018-04-09 12:21:46'),
(102, 1, 5, 'رئیس دورتموند:دوران یکه‌تازی بایرن به پایان می‌رسد', NULL, 'رئیس زنبورها معتقد است دوران یکه‌تازی بایرن مونیخ در بوندس‌لیگا به پایان می‌رسد.', 'publish', 'open', 'rss', 'http://www.farsnews.com/13970120001016', '2018-04-09 12:21:47', '2018-04-09 12:21:47'),
(103, 1, 3, 'تصاویر صفحه نخست روزنامه‌های امروز کشور', NULL, 'افسار گسیختگی دلار؛ «پایتخت» در پایان خوش درخشید؛ سخنان رهبری در دیدار جمعی از فرماندهان ارشد نیروهای مسلح؛  اعترافات دیرهنگام ظریف و «مسلمان» در دوراهی اصفهان - تهران؛ از جمله عناوین صفحه اول روزنامه‌های امروز کشورند.', 'publish', 'open', 'rss', 'http://www.farsnews.com/13970119001642', '2018-04-09 12:21:47', '2018-04-09 12:21:47'),
(104, 1, 5, '6 بازیکن جدید به اردوی تیم ملی والیبال اضافه می‌شوند', NULL, 'تمرینات تیم ملی والیبال ایران از فردا (سه شنبه) با ورود شش بازیکن وارد فاز جدیدی می‌شود.\n\n', 'publish', 'open', 'rss', 'http://www.farsnews.com/13970120000997', '2018-04-09 12:21:48', '2018-04-09 12:21:48'),
(105, 1, 3, 'فیلم/ آیت‌الله‌ موحدی‌کرمانی: حقوقم حدود 5 میلیون تومان است/ سردار اشتری هیچ نسبت فامیلی با من ندارد', NULL, 'آیت‌الله موحدی کرمانی عضو مجلس خبرگان رهبری و عضو مجمع تشخیص مصلحت نظام به سوالات خبرنگار صوت و تصویر فارس پاسخ داد.', 'publish', 'open', 'rss', 'http://www.farsnews.com/13961214001283', '2018-04-09 12:21:48', '2018-04-09 12:21:48'),
(106, 1, 5, 'خبرنگاران را به مجمع فدراسیون کشتی راه ندادند/ احتمال ماندن خادم بالا گرفت', NULL, 'مسئولان وزارت ورزش از ورود خبرنگاران به مجمع فدراسیون کشتی جلوگیری کردند. ', 'publish', 'open', 'rss', 'http://www.farsnews.com/13970120001000', '2018-04-09 12:21:49', '2018-04-09 12:21:49'),
(107, 1, 3, 'سهام دولت در شرکت‌ها؛ پشتوانه انتشار اوراق بهادار اسلامی', NULL, 'دولت به وزارت اقتصاد اجازه داد از سهام دولت در شرکت‌ها، به‌عنوان پشتوانه انتشار اوراق بهادار اسلامی (صکوک) استفاده کند.', 'publish', 'open', 'rss', 'http://www.farsnews.com/13970119001596', '2018-04-09 12:21:49', '2018-04-09 12:21:49'),
(108, 1, 5, 'دومین پیروزی برای نماینده ایران/ ژاپنی‌ها زانو زدند', NULL, 'تیم ملی والیبال ساحلی الف ایران در دومین مسابقه خود در تور جهانی توانست تیم ژاپن را شکست دهد.', 'publish', 'open', 'rss', 'http://www.farsnews.com/13970120000990', '2018-04-09 12:21:50', '2018-04-09 12:21:50'),
(109, 1, 3, 'نشست غیر علنی مجلس برای بررسی «آب» و «ارز» دز سه‌شنبه و چهارشنبه', NULL, 'سخنگوی هیأت رئیسه مجلس از نشست غیرعلنی  پارلمان برای بررسی مشکلات ارز و آب در هفته جاری خبر داد.', 'publish', 'open', 'rss', 'http://www.farsnews.com/13970119001525', '2018-04-09 12:21:50', '2018-04-09 12:21:50'),
(110, 1, 3, 'علت افزایش حملات دشمنان احساس خطر آنان از قدرت فزاینده ایران است', NULL, 'حضرت آیت‌الله خامنه‌ای دوران کنونی را دوران عزت جمهوری اسلامی ایران دانستند و تأکید کردند: علت تهاجم‌های بی‌سابقه کنونی بر ضد نظام اسلامی، قدرت روزافزون این نظام است زیرا دشمنان از این قدرت فزاینده به‌شدت احساس خطر کرده‌اند.', 'publish', 'open', 'rss', 'http://www.farsnews.com/13970119001511', '2018-04-09 12:21:51', '2018-04-09 12:21:51');
INSERT INTO `posts` (`id`, `user_id`, `rss_id`, `title`, `content`, `excerpt`, `status`, `comment_status`, `post_type`, `permalink`, `created_at`, `updated_at`) VALUES
(111, 1, 3, 'علوی: اگر رسانه‌ای به آبروی شخصی تعدّی کرد باید از او دفاع کنیم', NULL, 'وزیر اطلاعات گفت: مردم از نظر اسلام حق داشتن امنیت جانی، مالی و اقتصادی آبرو و حیثیت دارند و اگر رسانه ای به آبروی شخصی تعدّی کرد باید از او دفاع کنیم.', 'publish', 'open', 'rss', 'http://www.farsnews.com/13970119001450', '2018-04-09 12:21:51', '2018-04-09 12:21:51'),
(112, 1, 5, 'فینال جام حذفی 13 اردیبهشت برگزار می شود/ تغییر برنامه دو هفته از لیگ دسته اول', NULL, 'مسئول مسابقات لیگ دسته اول اعلام کرد: برنامه دو هفته پایانی ‏لیگ دسته اول به دلیل برگزاری فینال جام حذفی تغییر کرد.‏', 'publish', 'open', 'rss', 'http://www.farsnews.com/13970120000930', '2018-04-09 12:21:52', '2018-04-09 12:21:52'),
(113, 1, 3, '20 درصد احکام بودجه 95 رعایت نشده و 65 درصد ابتر مانده است', NULL, 'محمدمهدی مفتح گفت: 20 درصد احکام بودجه 95 رعایت نشده و 65 درصد برخی احکام ابتر مانده و 19 درصد اهداف قانون‌گذار تامین نشده است.', 'publish', 'open', 'rss', 'http://www.farsnews.com/13970119001431', '2018-04-09 12:21:52', '2018-04-09 12:21:52'),
(114, 1, 5, 'بازگشت 4 ملی پوش و عکس یادگاری نوجوانان مدرسه فوتبال با شفر/بازگشت غفوری و اسماعیلی', NULL, 'تمرین امروز تیم فوتبال استقلال زیر نظر شفر و برای آماده سازی دیدار با گسترش فولاد تبریز برگزار شد.', 'publish', 'open', 'rss', 'http://www.farsnews.com/13970120000714', '2018-04-09 12:21:53', '2018-04-09 12:21:53'),
(115, 1, 3, 'کلیات لایحه حمایت از کودکان و نوجوانان در کمیسیون بهداشت تصویب شد', NULL, 'سخنگوی کمیسیون بهداشت مجلس گفت: کلیات لایحه حمایت از کودکان و نوجوانان در نشست امروز کمیسیون تصویب شد.', 'publish', 'open', 'rss', 'http://www.farsnews.com/13970119001411', '2018-04-09 12:21:53', '2018-04-09 12:21:53'),
(116, 1, 5, 'مناطق زلزله‌زده ژاپن میزبان مشعل المپیک خواهند بود/سفر 115 روزه مشعل قبل از شروع بازی‌ها', NULL, 'مشعل بازی‌های المپیک 2020 توکیو قرار است در شهرهای زلزله‌زده حمل شود.', 'publish', 'open', 'rss', 'http://www.farsnews.com/13970120000530', '2018-04-09 12:21:53', '2018-04-09 12:21:53'),
(117, 1, 5, 'تیم بسکتبال بانوان نفت آبادان فردا راهی اردن می‌شود', NULL, 'با رایزنی‌های صورت گرفته مسئولان فدراسیون بسکتبال با تیم نفت، این تیم فردا راهی اردن می‌شود.', 'publish', 'open', 'rss', 'http://www.farsnews.com/13970120000884', '2018-04-09 12:21:54', '2018-04-09 12:21:54'),
(118, 1, 3, 'امنیت پیام‌رسان‌های داخلی بیش از نرم‌افزارهای خارجی است', NULL, 'سخنگوی کمیسیون امنیت ملی مجلس گفت: رئیس کمیسیون تصریح کرده است که امنیت پیام‌رسان‌های داخلی بیشتر از پیام‌رسان‌های خارجی است.', 'publish', 'open', 'rss', 'http://www.farsnews.com/13970119001378', '2018-04-09 12:21:54', '2018-04-09 12:21:54'),
(119, 1, 5, 'افاضلی: برخی‌ها که قبلا نفت بوده اند بیرانوند را جلو انداخته‌اند/ من بلد نیستم از هری‌پاتر کمک بگیرم/وزارت نفت هم باید به عهد خود وفا کند', NULL, 'سرمربی تیم فوتبال نفت تهران گفت:اگر در صبا بودید و می دیدید  وقتی برای بازی آماده شدیم نماینده دادستان گفت لباس‌ها را در بیاورید! دیگر امروز چیزی برایتان عجیب نبود.', 'publish', 'open', 'rss', 'http://www.farsnews.com/13970120000730', '2018-04-09 12:21:54', '2018-04-09 12:21:54'),
(120, 1, 5, 'دورتموند از صعود بارسلونا نفع می‌برد', NULL, 'راهیابی تیم فوتبال بارسلونا به مرحله نیمه نهایی باعث کسب درآمد برای زنبورهای آلمانی خواهد شد.', 'publish', 'open', 'rss', 'http://www.farsnews.com/13970120000896', '2018-04-09 12:21:55', '2018-04-09 12:21:55'),
(121, 1, 3, '«انحصار» مانع اصلی پیشرفت و سد راه تولید کالای ایرانی است', NULL, 'دبیر مجمع تشخیص مصلحت نظام تأکید کرد: فرقی نمی‌کند دولتی باشد، عمومی یا خصوصی؛ «انحصار»، مانع اصلی پیشرفت، ضد تولید و سد راه کالای ایرانی است.', 'publish', 'open', 'rss', 'http://www.farsnews.com/13970119001353', '2018-04-09 12:21:55', '2018-04-09 12:21:55'),
(122, 1, 5, 'هاینکس:زوله بهترین مدافع میانی اروپا می‌شود', NULL, 'سرمربی موفق بایرن مونیخ می‌گوید  ستاره ملی‌پوش خط دفاع تیمش، بهترین مدافع اروپا خواهد شد.', 'publish', 'open', 'rss', 'http://www.farsnews.com/13970120000880', '2018-04-09 12:21:55', '2018-04-09 12:21:55'),
(123, 1, 5, 'گلر ملی‌پوش و برزیلی رم در رادار سن‌ژرمن', NULL, 'دروازه‌بان تیم فوتبال آ.اس رم ایتالیا ممکن است فصل بعد پیراهن پاری‌سن‌ژرمن را به تن کند.', 'publish', 'open', 'rss', 'http://www.farsnews.com/13970120000858', '2018-04-09 12:22:02', '2018-04-09 12:22:02'),
(124, 1, 3, 'آملی‌لاریجانی: بنای پاسخگویی به اظهارات احمدی‌نژاد را ندارم', NULL, 'عضو کمیسیون قضایی مجلس گفت: رئیس قوه قضائیه ضمن تکذیب اظهارات رئیس‌جمهور پیشین درباره اموال و دارایی‌هایش عنوان کرد که بنای پاسخگویی به اظهارات احمدی‌نژاد را ندارم.', 'publish', 'open', 'rss', 'http://www.farsnews.com/13970119001330', '2018-04-09 12:22:03', '2018-04-09 12:22:03'),
(125, 1, 5, 'اموال توقیف شده را به دست امین اموال دادیم/ تا ۳ روز دیگر مطالبات را ندهند باز هم حکم توقیف اموال می‌گیریم', NULL, 'وکیل دروازه‌بان ملی‌پوش تیم پرسپولیس اعلام کرد این باشگاه برای پرداخت مطالبات بیرانوند تنها ۳ روز فرصت دارد وگرنه اموال دیگری توقیف خواهد شد.', 'publish', 'open', 'rss', 'http://www.farsnews.com/13970120000827', '2018-04-09 12:22:03', '2018-04-09 12:22:03'),
(126, 1, 3, 'گزارش عملکرد صندوق‌های بیمه‌ای به کمیسیون اجتماعی/ صدور یک میلیون نسخه درمان توسط سازمان تأمین اجتماعی در سال گذشته', NULL, 'رئیس کمیسیون اجتماعی مجلس گفت: سازمان تأمین اجتماعی در گزارش خود عنوان کرده سال گذشته در این سازمان یک میلیون نسخه درمانی به صورت الکترونیک برای بیماران صادر شده است.', 'publish', 'open', 'rss', 'http://www.farsnews.com/13970119001299', '2018-04-09 12:22:03', '2018-04-09 12:22:03'),
(127, 1, 3, 'نرخ بیکاری و اشتغال مهمترین شاخص های ارزیابی عملکرد استان‌ها در سال 1397 خواهد بود', NULL, 'معاون اقتصادی وزیر کشور گفت: موضوع نرخ بیکاری و اشتغال از مهمترین شاخص های ارزیابی عملکرد استان ها در سال 1397 خواهد بود و این شاخص ها به استناد داده های مرکز آمار ایران، بصورت فصلی مورد بررسی قرار خواهد گرفت.', 'publish', 'open', 'rss', 'http://www.farsnews.com/13970119001242', '2018-04-09 12:22:03', '2018-04-09 12:22:03'),
(128, 1, 5, 'داوران دربی خوزستان در لیگ دسته دوم مورد ضرب و شتم قرار نگرفتند', NULL, 'مسئول مسابقات لیگ دسته دوم فوتبال گفت: داوران دربی حساس خوزستان در لیگ دسته دوم را بدون اینکه مشکلی برایشان ‏پیش بیاید قضاوت کردند و مورد ضرب و شتم قرار نگرفتند.‏', 'publish', 'open', 'rss', 'http://www.farsnews.com/13970120000831', '2018-04-09 12:22:04', '2018-04-09 12:22:04'),
(129, 1, 3, 'تعیین تکلیف طرح‌ها و لوایح باقی‌مانده از سال گذشته اولویت اصلی کمیسیون فرهنگی در سال جدید', NULL, 'نایب رئیس کمیسیون فرهنگی مجلس، گفت: تعیین تکلیف طرح‌ها و لوایح باقی‌مانده از قبل اولویت کاری اعضای کمیسیون فرهنگی در سال جدید است و همچنین کمیسیون دعوت از وزرا و رؤسای سازمان‌های مرتبط با حوزه فرهنگی را برای ارائه برنامه‌هایشان در جهت تحقق شعار سال  در دستور کار خود دارد.', 'publish', 'open', 'rss', 'http://www.farsnews.com/13970119001267', '2018-04-09 12:22:04', '2018-04-09 12:22:04'),
(130, 1, 5, 'قاسمی: طی 48 ساعت آینده با بیراوند  جلسه برگزار می شود/ نمی‌دانم چرا واگذاری انجام نمی‌گیرد', NULL, 'مدیر رسانه‌ای نفت تهران، گفت: طی 48 ساعت آینده با علیرضا بیرانوند و وکیل او برای حل این مشکل جلسه‌ای برگزار می‌شود.', 'publish', 'open', 'rss', 'http://www.farsnews.com/13970120000804', '2018-04-09 12:22:04', '2018-04-09 12:22:04'),
(131, 1, 3, 'قدردانی اتحادیه انجمن‌های اسلامی دانشجویان مستقل از رای دادگاه تونس در قبال رژیم‌ صهیونیستی', NULL, 'اتحادیه انجمن‌های اسلامی دانشجویان مستقل با ارسال نامه‌ای به سفارت تونس از رای دادگاه این کشور در قبال رژیم صهیونیستی حمایت و قدردانی کرد.', 'publish', 'open', 'rss', 'http://www.farsnews.com/13970119001246', '2018-04-09 12:22:05', '2018-04-09 12:22:05'),
(132, 1, 5, 'سرمربی جدید تیم ملی فوتبال ژاپن مشخص شد', NULL, 'رئیس فدراسیون فوتبال ژاپن، سرمربی جدید این تیم را معرفی کرد.', 'publish', 'open', 'rss', 'http://www.farsnews.com/13970120000789', '2018-04-09 12:22:05', '2018-04-09 12:22:05'),
(133, 1, 3, 'نشست مشترک لاریجانی و رئیس دومای دولتی روسیه فردا برگزار می‌شود', NULL, 'رئیس دومای دولتی روسیه فردا با رئیس مجلس کشورمان دیدار و گفت‌وگو می‌کند.', 'publish', 'open', 'rss', 'http://www.farsnews.com/13970119001149', '2018-04-09 12:22:07', '2018-04-09 12:22:07'),
(134, 1, 3, 'کشفیات ۶۴ درصدى انواع مواد مخدر از طریق اقدامات اطلاعاتى/ اشتغال ٧ هزار نفرى بهبودیافتگان از اعتیاد در سال۹۶', NULL, 'وزیر کشور گفت: در سال ۹۷ موضوع پیشگیری اولویت اول ستاد مبارزه با مواد مخدر خواهد بود و این توصیه رهبر معظم انقلاب و رئیس جمهور هم بوده است؛ پس در سال جدید باید با انگیزه، خلاقیت و نوآوری بیشتری در جهت پیشگیری در امر مبارزه با مواد مخدر گام برداریم.', 'publish', 'open', 'rss', 'http://www.farsnews.com/13970119001225', '2018-04-09 12:22:07', '2018-04-09 12:22:07'),
(135, 1, 5, '14 رئیس فدراسیون برنامه‌های خود را در نشست شورای برون‌مرزی مطرح کردند', NULL, 'جلسه شورای برون‌مرزی امروز به ریاست داورزنی برگزار شد و روسای 14 فدراسیون برنامه‌های خود را ارائه کردند.', 'publish', 'open', 'rss', 'http://www.farsnews.com/13970120000747', '2018-04-09 12:22:10', '2018-04-09 12:22:10'),
(136, 1, 5, 'درخشش شناگران ایران با کسب پنجمین ورودی المپیک جوانان', NULL, 'ملی پوشان شنای ایران روز سوم مسابقات انتخابی المپیک جوانان تایلند را با راه‌یابی به چهار فینال و یک رکورد ورودی B المپیک جوانان آغاز کردند.', 'publish', 'open', 'rss', 'http://www.farsnews.com/13970120000716', '2018-04-09 12:22:11', '2018-04-09 12:22:11'),
(137, 1, 5, 'امیدواری ونگر برای بازگشت مخیتاریان مصدوم تا قبل از اتمام فصل', NULL, 'سرمربی تیم فوتبال آرسنال معتقد است هافبک ارمنستانی و مصدومش تا قبل از اتمام فصل به مسابقات بازخواهد گشت.', 'publish', 'open', 'rss', 'http://www.farsnews.com/13970120000701', '2018-04-09 12:22:12', '2018-04-09 12:22:12'),
(138, 1, 5, 'جباری: اطرافیان شفر به او یاد داده‌اند چون خوب نتیجه گرفتی «دَبه» کن!/اینجا استقلال است و نباید قرارداد شفر و برانکو را قیاس کنند', NULL, 'رئیس کمیته پیشکسوتان باشگاه استقلال گفت: شفر خوب نتیجه گرفته و باشگاه هم به تعهداتی که نسبت به وی دارد پایبند است اما حالا به او یاد داده‌اند که دبه کند و رقم قراردادش را افزایش بدهد.', 'publish', 'open', 'rss', 'http://www.farsnews.com/13970120000645', '2018-04-09 12:22:13', '2018-04-09 12:22:13'),
(139, 1, 5, 'مسابقات بسکتبال غرب آسیا یک روز عقب افتاد/تلاش فدراسیون برای اعزام تیم نفت', NULL, 'براساس اعلام نایب‌رئیس بانوان فدراسیون بسکتبال، مسابقات غرب آسیا یک روز عقب افتاد.', 'publish', 'open', 'rss', 'http://www.farsnews.com/13970120000672', '2018-04-09 12:22:13', '2018-04-09 12:22:13'),
(140, 1, 5, 'کلوپ یک شبه سیستم دفاعی گران‌قیمت گواردیولا را ویران کرد', NULL, 'یکی از نشریات ورزشی اسپانیا نوشت یورگن کلوپ یک شبه سیستم دفاعی گران‌قیمت پپ گواردیولا را ویران کرد.', 'publish', 'open', 'rss', 'http://www.farsnews.com/13970120000663', '2018-04-09 12:22:14', '2018-04-09 12:22:14'),
(141, 1, 2, 'وزیر ارتباطات: پیام رسان های ایرانی هرگز اطلاعات کاربران را در اختیار کسی قرار نمی دهد', NULL, '<p>رسانه کلیک &#8211; وزیر ارتباطات و فناوری اطلاعات از ارائه لایحه‌ ای به دولت در زمینه حفظ حریم خصوصی و صیانت حقوق شهروندی در فضای مجازی خبر داد و تاکید کرد: شبکه‌ های پیام رسان داخلی امنیت دارند و هرگز اطلاعات خصوصی افراد در اختیار کسی قرار نمی‌ گیرد. به گزارش کلیک به نقل از [&#8230;]</p>\n<p>نوشته <a rel=\"nofollow\" href=\"https://click.ir/1397/01/20/local-iranian-messengers-security-high/\">وزیر ارتباطات: پیام رسان های ایرانی هرگز اطلاعات کاربران را در اختیار کسی قرار نمی دهد</a> اولین بار در <a rel=\"nofollow\" href=\"https://click.ir\">رسانه کلیک</a> پدیدار شد.</p>\n', 'publish', 'open', 'rss', 'https://click.ir/1397/01/20/local-iranian-messengers-security-high/', '2018-04-09 12:25:35', '2018-04-09 12:25:35'),
(142, 1, 5, 'داورزنی: بعید می‌دانم کار به مجمع سوم فدراسیون کشتی کشیده شود/ خودم  با خادم تماس خواهم گرفت تا به او تکلیف کنم برگردد', NULL, 'معاون ورزش حرفه‌ای و قهرمانی وزارت ورزش و جوانان گفت: بعید می‌دانم با تعیین تکلیف اعضای مجمع کار به برگزاری مجمع سوم کشیده شود.', 'publish', 'open', 'rss', 'http://www.farsnews.com/13970120001286', '2018-04-09 12:27:28', '2018-04-09 12:27:28'),
(143, 1, 1, 'با نوا 3e هواوی و مهم‌ترین ویژگی‌های آن آشنا شوید', NULL, '<img src=\"https://cdn01.zoomit.ir/2018/4/b7ac7bdc-291f-44c1-8721-a05830f50f6c.jpg\" alt=\"با نوا 3e هواوی و مهم‌ترین ویژگی‌های آن آشنا شوید\" /><br/><p>نوا 3e هواوی به&zwnj;لطف نمایشگر کم&zwnj;حاشیه و کشیده با بریدگی لبه&zwnj;ی بالا، بدنه&zwnj;ی شیشه&zwnj;ای میان&zwnj;رده&zwnj;ای و دوربین دوگانه، محصولی میان&zwnj;رده با طراحی مدرن محسوب می&zwnj;شود.</p>\n', 'publish', 'open', 'rss', 'https://www.zoomit.ir/2018/4/8/270499/huawei-nova-3e-top-features/', '2018-04-09 12:32:14', '2018-04-09 12:32:14'),
(144, 1, 5, 'ال نینیو پایان فصل ویسنته کالدرون را ترک می‌کند', NULL, 'مهاجم اسپانیایی اتلتیکو مادرید اعلام کرد که در پایان فصل تیم مادریدی را ترک خواهد کرد.', 'publish', 'open', 'rss', 'http://www.farsnews.com/13970120001293', '2018-04-09 12:32:28', '2018-04-09 12:32:28'),
(145, 1, 5, 'فیلم/9 گل فراموش نشدنی شماره 9 اتلتیکو', NULL, '9 گل فراموش نشده شماره 9 اتلتیکو مادرید را به بهانه وداع النینیو از این تیم در پایان فصل مشاهده کنید.', 'publish', 'open', 'rss', 'http://www.farsnews.com/13970120001305', '2018-04-09 12:38:25', '2018-04-09 12:38:25'),
(146, 1, 3, 'گفت‌وگوهای ایران با اوراسیا برای پیوستن به اتحادیه گمرکی به نتیجه رسیده است', NULL, 'رئیس مجلس با اشاره به اینکه گفت‌وگوهای ایران با اوراسیا برای پیوستن به اتحادیه گمرکی تقریبا به نتیجه رسیده است، گفت: این موضوع احتمالا ظرف ماه‌های آینده انجام می‌شود.', 'publish', 'open', 'rss', 'http://www.farsnews.com/13970120001313', '2018-04-09 12:47:20', '2018-04-09 12:47:20'),
(147, 1, 5, 'شاگردان برانکو متنوع کار کردند/ اعتراض هواداران جواب داد', NULL, 'تمرین امروز تیم فوتبال پرسپولیس با مرور کارهای تاکتیکی و تمرینات متنوع برگزار شد.', 'publish', 'open', 'rss', 'http://www.farsnews.com/13970120001307', '2018-04-09 12:48:23', '2018-04-09 12:48:23'),
(148, 1, 3, 'یک استاد دانشگاه درج نام خود در نامه هواداران احمدی‌نژاد به رهبری را تکذیب کرد', NULL, 'یک استاد دانشگاه ضمن تکذیب نام و مشخصات خود در نامه منتشره از سوی هواداران احمدی نژاد به رهبری، اینگونه رفتارها را ساختارشکنانه، فتنه‌گر و انحرافی دانست.', 'publish', 'open', 'rss', 'http://www.farsnews.com/13970120001233', '2018-04-09 12:55:18', '2018-04-09 12:55:18');

-- --------------------------------------------------------

--
-- Table structure for table `post_tag`
--

CREATE TABLE `post_tag` (
  `id` int(10) UNSIGNED NOT NULL,
  `post_id` int(10) UNSIGNED NOT NULL,
  `tag_id` int(10) UNSIGNED NOT NULL
) ENGINE=InnoDB DEFAULT CHARSET=utf8mb4 COLLATE=utf8mb4_unicode_ci;

--
-- Dumping data for table `post_tag`
--

INSERT INTO `post_tag` (`id`, `post_id`, `tag_id`) VALUES
(1, 2, 6),
(2, 2, 7),
(3, 2, 8),
(4, 2, 9),
(5, 3, 10),
(6, 3, 11),
(7, 3, 12),
(8, 3, 13),
(9, 4, 14),
(10, 4, 15),
(11, 4, 16),
(12, 4, 17),
(13, 4, 18),
(14, 5, 19),
(15, 5, 20),
(16, 5, 21),
(17, 6, 1),
(18, 6, 2),
(19, 6, 3),
(20, 7, 4),
(21, 7, 5),
(22, 8, 6),
(23, 8, 7),
(24, 8, 8),
(25, 9, 9),
(26, 9, 5),
(27, 9, 10),
(28, 10, 11),
(29, 10, 12),
(30, 10, 13),
(31, 10, 14),
(32, 10, 15),
(33, 11, 16),
(34, 11, 17),
(35, 11, 18),
(36, 11, 19),
(37, 11, 20),
(38, 12, 21),
(39, 12, 22),
(40, 12, 23),
(41, 13, 24),
(42, 13, 25),
(43, 13, 26),
(44, 13, 27),
(45, 14, 28),
(46, 14, 10),
(47, 15, 29),
(48, 15, 30),
(49, 17, 31),
(50, 17, 32),
(51, 17, 33),
(52, 17, 34),
(53, 17, 35),
(54, 18, 36),
(55, 18, 37),
(56, 18, 38),
(57, 18, 39),
(58, 19, 40),
(59, 19, 41),
(60, 20, 42),
(61, 20, 27),
(62, 20, 43),
(63, 20, 44),
(64, 20, 45),
(65, 21, 46),
(66, 21, 47),
(67, 21, 2),
(68, 21, 48),
(69, 21, 49),
(70, 23, 50),
(71, 23, 51),
(72, 23, 52),
(73, 23, 53),
(74, 22, 54),
(75, 22, 55),
(76, 22, 56),
(77, 22, 57),
(78, 22, 58),
(79, 22, 59),
(80, 22, 60),
(81, 24, 61),
(82, 24, 5),
(83, 26, 62),
(84, 26, 63),
(85, 26, 64),
(86, 27, 65),
(87, 27, 66),
(88, 27, 67),
(89, 28, 68),
(90, 28, 69),
(91, 28, 70),
(92, 29, 71),
(93, 29, 72),
(94, 29, 73),
(95, 29, 64),
(96, 30, 74),
(97, 30, 75),
(98, 30, 76),
(99, 30, 77),
(100, 31, 78),
(101, 31, 25),
(102, 31, 79),
(103, 32, 80),
(104, 32, 81),
(105, 32, 82),
(106, 33, 83),
(107, 33, 84),
(108, 33, 85),
(109, 33, 86),
(110, 33, 87),
(111, 33, 88),
(112, 33, 89),
(113, 34, 90),
(114, 34, 91),
(115, 34, 92),
(116, 35, 93),
(117, 35, 94),
(118, 35, 95),
(119, 35, 96),
(120, 35, 97),
(121, 36, 98),
(122, 36, 57),
(123, 36, 99),
(124, 36, 100),
(125, 36, 59),
(126, 36, 101),
(127, 36, 89),
(128, 38, 102),
(129, 38, 103),
(130, 38, 104),
(131, 39, 105),
(132, 40, 105),
(133, 41, 106),
(134, 42, 51),
(135, 41, 107),
(136, 42, 108),
(137, 41, 109),
(138, 42, 110),
(139, 43, 51),
(140, 43, 108),
(141, 43, 110),
(142, 44, 51),
(143, 44, 108),
(144, 44, 110),
(145, 45, 111),
(146, 45, 112),
(147, 46, 51),
(148, 45, 113),
(149, 46, 108),
(150, 46, 110),
(151, 45, 114),
(152, 47, 51),
(153, 48, 51),
(154, 37, 115),
(155, 47, 108),
(156, 48, 108),
(157, 47, 110),
(158, 48, 110),
(159, 37, 116),
(160, 37, 117),
(161, 37, 118),
(162, 37, 119),
(163, 37, 120),
(164, 50, 110),
(165, 49, 51),
(166, 49, 108),
(167, 50, 121),
(168, 49, 110),
(169, 50, 122),
(170, 52, 51),
(171, 52, 108),
(172, 52, 110),
(173, 53, 51),
(174, 53, 108),
(175, 53, 110),
(176, 55, 51),
(177, 55, 108),
(178, 55, 110),
(179, 54, 51),
(180, 54, 108),
(181, 54, 110),
(182, 56, 51),
(183, 56, 108),
(184, 57, 51),
(185, 56, 110),
(186, 57, 108),
(187, 57, 110),
(188, 59, 51),
(189, 58, 123),
(190, 59, 108),
(191, 59, 110),
(192, 58, 124),
(193, 58, 5),
(194, 60, 51),
(195, 60, 108),
(196, 60, 110),
(197, 61, 125),
(198, 61, 103),
(199, 61, 126),
(200, 62, 51),
(201, 62, 108),
(202, 62, 110),
(203, 51, 5),
(204, 51, 127),
(205, 51, 56),
(206, 51, 100),
(207, 51, 101),
(208, 51, 89),
(209, 63, 128),
(210, 64, 110),
(211, 63, 5),
(212, 64, 129),
(213, 63, 130),
(214, 64, 131),
(215, 66, 51),
(216, 66, 108),
(217, 66, 110),
(218, 67, 51),
(219, 67, 108),
(220, 67, 110),
(221, 68, 132),
(222, 68, 133),
(223, 68, 130),
(224, 69, 51),
(225, 69, 108),
(226, 69, 110),
(227, 70, 51),
(228, 70, 108),
(229, 70, 110),
(230, 71, 51),
(231, 71, 108),
(232, 71, 110),
(233, 72, 134),
(234, 72, 135),
(235, 72, 136),
(236, 72, 137),
(237, 73, 51),
(238, 73, 108),
(239, 73, 110),
(240, 65, 138),
(241, 65, 25),
(242, 65, 139),
(243, 65, 119),
(244, 65, 140),
(245, 65, 96),
(246, 65, 120),
(247, 75, 51),
(248, 75, 108),
(249, 75, 110),
(250, 77, 51),
(251, 77, 108),
(252, 77, 110),
(253, 74, 110),
(254, 74, 141),
(255, 74, 142),
(256, 78, 143),
(257, 78, 144),
(258, 78, 145),
(259, 79, 146),
(260, 79, 147),
(261, 79, 148),
(262, 81, 51),
(263, 81, 108),
(264, 81, 110),
(265, 82, 149),
(266, 83, 51),
(267, 83, 108),
(268, 83, 110),
(269, 84, 105),
(270, 85, 105),
(271, 80, 51),
(272, 80, 108),
(273, 80, 110),
(274, 86, 110),
(275, 87, 51),
(276, 86, 150),
(277, 87, 108),
(278, 87, 110),
(279, 86, 151),
(280, 76, 152),
(281, 76, 153),
(282, 76, 154),
(283, 76, 119),
(284, 76, 155),
(285, 76, 140),
(286, 76, 96),
(287, 88, 51),
(288, 89, 105),
(289, 88, 108),
(290, 88, 110),
(291, 90, 114),
(292, 90, 156),
(293, 90, 157),
(294, 92, 51),
(295, 91, 51),
(296, 92, 108),
(297, 91, 108),
(298, 92, 110),
(299, 91, 110),
(300, 93, 110),
(301, 93, 51),
(302, 93, 108),
(303, 93, 158),
(304, 93, 159),
(305, 93, 160),
(306, 94, 51),
(307, 93, 161),
(308, 94, 108),
(309, 93, 5),
(310, 94, 110),
(311, 93, 162),
(312, 93, 163),
(313, 93, 164),
(314, 95, 165),
(315, 95, 166),
(316, 95, 167),
(317, 96, 51),
(318, 96, 108),
(319, 96, 103),
(320, 96, 168),
(321, 97, 51),
(322, 96, 105),
(323, 97, 108),
(324, 97, 110),
(325, 98, 51),
(326, 98, 108),
(327, 98, 110),
(328, 99, 51),
(329, 99, 108),
(330, 99, 110),
(331, 100, 169),
(332, 100, 103),
(333, 100, 170),
(334, 100, 171),
(335, 101, 51),
(336, 101, 108),
(337, 100, 172),
(338, 101, 110),
(339, 100, 173),
(340, 102, 51),
(341, 102, 108),
(342, 102, 110),
(343, 103, 174),
(344, 103, 175),
(345, 103, 176),
(346, 103, 177),
(347, 104, 51),
(348, 104, 108),
(349, 104, 110),
(350, 105, 178),
(351, 106, 51),
(352, 106, 108),
(353, 106, 110),
(354, 107, 179),
(355, 107, 180),
(356, 107, 161),
(357, 107, 181),
(358, 107, 182),
(359, 107, 183),
(360, 107, 110),
(361, 109, 51),
(362, 109, 108),
(363, 109, 110),
(364, 110, 105),
(365, 108, 51),
(366, 111, 124),
(367, 108, 108),
(368, 108, 110),
(369, 111, 184),
(370, 111, 185),
(371, 112, 186),
(372, 112, 187),
(373, 112, 188),
(374, 112, 189),
(375, 113, 183),
(376, 113, 190),
(377, 113, 191),
(378, 113, 130),
(379, 113, 192),
(380, 114, 110),
(381, 114, 193),
(382, 114, 194),
(383, 116, 51),
(384, 115, 191),
(385, 116, 108),
(386, 116, 110),
(387, 115, 195),
(388, 115, 196),
(389, 117, 51),
(390, 117, 108),
(391, 117, 110),
(392, 119, 51),
(393, 119, 108),
(394, 118, 197),
(395, 119, 110),
(396, 118, 191),
(397, 118, 130),
(398, 120, 51),
(399, 120, 108),
(400, 120, 110),
(401, 122, 51),
(402, 122, 108),
(403, 121, 110),
(404, 122, 110),
(405, 121, 198),
(406, 121, 199),
(407, 123, 51),
(408, 123, 108),
(409, 123, 110),
(410, 124, 51),
(411, 124, 108),
(412, 124, 110),
(413, 126, 51),
(414, 126, 108),
(415, 126, 110),
(416, 125, 51),
(417, 125, 108),
(418, 125, 110),
(419, 127, 200),
(420, 127, 201),
(421, 128, 165),
(422, 127, 202),
(423, 128, 203),
(424, 128, 204),
(425, 128, 167),
(426, 129, 51),
(427, 129, 108),
(428, 129, 110),
(429, 130, 51),
(430, 130, 108),
(431, 130, 110),
(432, 131, 205),
(433, 131, 206),
(434, 131, 207),
(435, 133, 51),
(436, 133, 108),
(437, 133, 110),
(438, 134, 208),
(439, 134, 209),
(440, 134, 105),
(441, 134, 110),
(442, 134, 210),
(443, 132, 51),
(444, 132, 108),
(445, 132, 110),
(446, 135, 51),
(447, 135, 108),
(448, 135, 110),
(449, 136, 51),
(450, 136, 108),
(451, 136, 110),
(452, 137, 51),
(453, 137, 108),
(454, 137, 110),
(455, 138, 51),
(456, 138, 108),
(457, 138, 110),
(458, 139, 51),
(459, 139, 108),
(460, 139, 110),
(461, 140, 51),
(462, 140, 108),
(463, 140, 110),
(464, 141, 123),
(465, 141, 211),
(466, 141, 212),
(467, 141, 56),
(468, 141, 134),
(469, 141, 100),
(470, 141, 213),
(471, 141, 214),
(472, 141, 89),
(473, 142, 51),
(474, 142, 108),
(475, 142, 110),
(476, 25, 215),
(477, 25, 98),
(478, 25, 100),
(479, 25, 213),
(480, 143, 216),
(481, 143, 2),
(482, 143, 48),
(483, 143, 49),
(484, 144, 51),
(485, 144, 108),
(486, 144, 110);

-- --------------------------------------------------------

--
-- Table structure for table `roles`
--

CREATE TABLE `roles` (
  `id` int(11) NOT NULL,
  `name` varchar(255) NOT NULL
) ENGINE=InnoDB DEFAULT CHARSET=latin1;

--
-- Dumping data for table `roles`
--

INSERT INTO `roles` (`id`, `name`) VALUES
(1, 'Admin'),
(2, 'User');

-- --------------------------------------------------------

--
-- Table structure for table `rss`
--

CREATE TABLE `rss` (
  `id` int(11) NOT NULL,
  `name` varchar(255) CHARACTER SET utf8 COLLATE utf8_persian_ci NOT NULL,
  `url` varchar(255) NOT NULL,
  `homepage` varchar(255) NOT NULL,
  `logo` varchar(255) DEFAULT NULL,
  `user_id` int(10) NOT NULL,
  `created_at` timestamp NULL DEFAULT NULL,
  `updated_at` timestamp NULL DEFAULT NULL
) ENGINE=InnoDB DEFAULT CHARSET=latin1;

--
-- Dumping data for table `rss`
--

INSERT INTO `rss` (`id`, `name`, `url`, `homepage`, `logo`, `user_id`, `created_at`, `updated_at`) VALUES
(1, 'زومیت', 'https://www.zoomit.ir/feed/', 'https://www.zoomit.ir/', 'https://www.zoomit.ir/Themes/zoomit.ir/css/img/zoomit_logo.svg', 1, '2018-04-09 10:36:35', '2018-04-09 10:36:35'),
(2, 'کلیک', 'https://click.ir/feed', 'https://click.ir', 'https://click.ir/wp-content/uploads/2017/11/click-logo2x.png', 1, '2018-04-09 10:43:58', '2018-04-09 10:43:58'),
(3, 'خبرگزاری فارس', 'http://www.farsnews.com/rss/politics', 'http://www.farsnews.com', 'https://www.tasnimnews.com/static/img/tasnimnews-logo.png', 1, '2018-04-09 10:55:16', '2018-04-09 10:55:16'),
(5, 'خبرگزاری فارس', 'http://www.farsnews.com/rss/sports', 'http://www.farsnews.com/', 'http://www.farsnews.com/shares/img/PLogo.jpg', 1, '2018-04-09 11:07:43', '2018-04-09 11:07:43');

-- --------------------------------------------------------

--
-- Table structure for table `rsshistory`
--

CREATE TABLE `rsshistory` (
  `id` int(10) UNSIGNED NOT NULL,
  `rss_id` int(10) UNSIGNED NOT NULL,
  `body` longtext COLLATE utf8mb4_unicode_ci,
  `version` varchar(255) COLLATE utf8mb4_unicode_ci DEFAULT '1',
  `latest_version` varchar(255) COLLATE utf8mb4_unicode_ci NOT NULL DEFAULT '1'
) ENGINE=InnoDB DEFAULT CHARSET=utf8mb4 COLLATE=utf8mb4_unicode_ci;

--
-- Dumping data for table `rsshistory`
--

INSERT INTO `rsshistory` (`id`, `rss_id`, `body`, `version`, `latest_version`) VALUES
(1, 1, '<?xml version=\"1.0\" encoding=\"utf-8\"?>\r\n<rss version=\"2.0\">\r\n  <channel xmlns:atom=\"http://www.w3.org/2005/Atom\">\r\n    <title>Zoomit / زومیت</title>\r\n    <link>https://www.zoomit.ir/</link>\r\n    <description>کلیه اخبار فناوری اطلاعات IT شامل عکاسی، معماری، ابزارهای تازه، موبایل، اینترنت و شبکه، امنیت، نجوم، سیستم عامل های ویندوز، مک، لینوکس و غیره</description>\r\n    <language>fa-IR</language>\r\n    <copyright />\r\n    <lastBuildDate>Mon, 09 Apr 2018 17:16:48 +0430</lastBuildDate>\r\n    <item>\r\n      <guid isPermaLink=\"true\">https://www.zoomit.ir/2018/4/8/270499/huawei-nova-3e-top-features/</guid>\r\n      <link>https://www.zoomit.ir/2018/4/8/270499/huawei-nova-3e-top-features/</link>\r\n      <category>موبایل</category>\r\n      <title>با نوا 3e هواوی و مهم‌ترین ویژگی‌های آن آشنا شوید</title>\r\n      <description>&lt;img src=\"https://cdn01.zoomit.ir/2018/4/b7ac7bdc-291f-44c1-8721-a05830f50f6c.jpg\" alt=\"با نوا 3e هواوی و مهم‌ترین ویژگی‌های آن آشنا شوید\" /&gt;&lt;br/&gt;&lt;p&gt;نوا 3e هواوی به&amp;zwnj;لطف نمایشگر کم&amp;zwnj;حاشیه و کشیده با بریدگی لبه&amp;zwnj;ی بالا، بدنه&amp;zwnj;ی شیشه&amp;zwnj;ای میان&amp;zwnj;رده&amp;zwnj;ای و دوربین دوگانه، محصولی میان&amp;zwnj;رده با طراحی مدرن محسوب می&amp;zwnj;شود.&lt;/p&gt;\r\n</description>\r\n      <pubDate>Mon, 09 Apr 2018 17:00:00 +0430</pubDate>\r\n    </item>\r\n    <item>\r\n      <guid isPermaLink=\"true\">https://www.zoomit.ir/2018/4/8/270508/facebooks-top-11-questions-for-job-candidates/</guid>\r\n      <link>https://www.zoomit.ir/2018/4/8/270508/facebooks-top-11-questions-for-job-candidates/</link>\r\n      <category>همگام با پیشروان</category>\r\n      <title>فیسبوک چه سوالاتی در مصاحبه‌های استخدامی می‌پرسد</title>\r\n      <description>&lt;img src=\"https://cdn01.zoomit.ir/2017/12/7e1f3ab0-14e2-45e9-b97f-62f5d7106e96.jpg\" alt=\"فیسبوک چه سوالاتی در مصاحبه‌های استخدامی می‌پرسد\" /&gt;&lt;br/&gt;&lt;p&gt;ابر رسانه&amp;zwnj;ی اجتماعی، شرکت فیسبوک برای آسان کردن روند استخدام خود و انتخاب بهترین گزینه&amp;zwnj;ها برای موقعیت&amp;zwnj;های کاری از یک سری سوالات مشخص استفاده می&amp;zwnj;کند.&lt;/p&gt;\r\n</description>\r\n      <pubDate>Mon, 09 Apr 2018 16:30:00 +0430</pubDate>\r\n    </item>\r\n    <item>\r\n      <guid isPermaLink=\"true\">https://www.zoomit.ir/2018/4/9/270580/ban-captive-animals-could-speed-extinction/</guid>\r\n      <link>https://www.zoomit.ir/2018/4/9/270580/ban-captive-animals-could-speed-extinction/</link>\r\n      <category>انرژی و محیط زیست</category>\r\n      <title>ممنوعیت شکار و نگه‌داری، باعث تسریع انقراض گونه‌های در معرض خطر می‌شود</title>\r\n      <description>&lt;img src=\"https://cdn01.zoomit.ir/2018/4/d0e542bc-9f86-413a-865e-30ea52bce46e.jpg\" alt=\"ممنوعیت شکار و نگه‌داری، باعث تسریع انقراض گونه‌های در معرض خطر می‌شود\" /&gt;&lt;br/&gt;&lt;p&gt;ممنوعیت شکار حیوانات در معرض خطر به&amp;zwnj;منظور نگه&amp;zwnj;داری و حفاظت از آنها در باغ&amp;zwnj;وحش&amp;zwnj;ها و زیر نظر انسان، موجب تسریع روند انقراضشان شده است.&lt;/p&gt;\r\n</description>\r\n      <pubDate>Mon, 09 Apr 2018 16:15:00 +0430</pubDate>\r\n    </item>\r\n    <item>\r\n      <guid isPermaLink=\"true\">https://www.zoomit.ir/2018/4/9/270569/nvidia-32-bit-os-support-drivers/</guid>\r\n      <link>https://www.zoomit.ir/2018/4/9/270569/nvidia-32-bit-os-support-drivers/</link>\r\n      <category>پردازنده گرافیکی</category>\r\n      <title>انویدیا به پشتیبانی از سیستم عامل‌ ۳۲ بیتی خاتمه می‌دهد</title>\r\n      <description>&lt;img src=\"https://cdn01.zoomit.ir/2016/10/630b928a-df48-4cd4-9a96-ea7601725ef6.jpg\" alt=\"انویدیا به پشتیبانی از سیستم عامل‌ ۳۲ بیتی خاتمه می‌دهد\" /&gt;&lt;br/&gt;&lt;p&gt;شرکت انویدیا طی بیانیه رسمی اعلام کرد که در پایان ماه جاری، به پشتیبانی از سیستم&amp;zwnj;های&amp;nbsp;۳۲ بیتی پایان خواهد داد.&lt;/p&gt;\r\n</description>\r\n      <pubDate>Mon, 09 Apr 2018 16:00:00 +0430</pubDate>\r\n    </item>\r\n    <item>\r\n      <guid isPermaLink=\"true\">https://www.zoomit.ir/2018/4/9/270542/dyno-results-show-bmw-m5-making-almost-700-hp/</guid>\r\n      <link>https://www.zoomit.ir/2018/4/9/270542/dyno-results-show-bmw-m5-making-almost-700-hp/</link>\r\n      <category>اخبار خودرو</category>\r\n      <category>ویدیو خودرو</category>\r\n      <title>قدرت خالص بی ام و M5، حدود تقریبا ۷۰۰ اسب است</title>\r\n      <description>&lt;img src=\"https://cdn01.zoomit.ir/2017/8/2d1daa07-d370-4d21-853f-d141ac369abe.jpg\" alt=\"قدرت خالص بی ام و M5، حدود تقریبا ۷۰۰ اسب است\" /&gt;&lt;br/&gt;&lt;p&gt;نتایج دینامومتر نشان می&amp;zwnj;دهد که مدل جدیدبی&amp;zwnj;ام&amp;zwnj;و M5 می&amp;zwnj;تواند تقریبا ۷۰۰ اسب بخار قدرت تولید کند که بیش&amp;zwnj;تر از اطلاعات سازنده است.&lt;/p&gt;\r\n</description>\r\n      <pubDate>Mon, 09 Apr 2018 15:30:00 +0430</pubDate>\r\n    </item>\r\n    <item>\r\n      <guid isPermaLink=\"true\">https://www.zoomit.ir/2018/4/9/270566/adidas-close-stores-online-push/</guid>\r\n      <link>https://www.zoomit.ir/2018/4/9/270566/adidas-close-stores-online-push/</link>\r\n      <category>مالی و اقتصادی</category>\r\n      <title>آدیداس با تعطیلی فروشگاه‌‌های فیزیکی به سمت فروش آنلاین می‌رود</title>\r\n      <description>&lt;img src=\"https://cdn01.zoomit.ir/2018/4/c5eaaac1-8da6-4ab6-8de9-60a8b670b4d4.jpg\" alt=\"آدیداس با تعطیلی فروشگاه‌‌های فیزیکی به سمت فروش آنلاین می‌رود\" /&gt;&lt;br/&gt;&lt;p&gt;آدیداس در پی آن است تا با تعطیل کردن فروشگاه&amp;zwnj;های فیزیکی خود در سال&amp;zwnj;های آینده، تمرکز خود را روی فروش آنلاین افزایش دهد.&lt;/p&gt;\r\n</description>\r\n      <pubDate>Mon, 09 Apr 2018 15:00:00 +0430</pubDate>\r\n    </item>\r\n    <item>\r\n      <guid isPermaLink=\"true\">https://www.zoomit.ir/2018/4/9/270570/honor-10-launch-19-april/</guid>\r\n      <link>https://www.zoomit.ir/2018/4/9/270570/honor-10-launch-19-april/</link>\r\n      <category>موبایل</category>\r\n      <title>آنر 10، ۳۰ فروردین معرفی می‌شود</title>\r\n      <description>&lt;img src=\"https://cdn01.zoomit.ir/2018/4/6541bce1-30c4-4eb3-9685-88d85794912b.jpg\" alt=\"آنر 10، ۳۰ فروردین معرفی می‌شود\" /&gt;&lt;br/&gt;&lt;p&gt;هواوی با انتشار دعوت&amp;zwnj;نامه&amp;zwnj;ای رسمی، تاریخ معرفی آنر&amp;nbsp;&amp;zwj;۱۰ را روز ۱۹ آوریل برابر با ۳۰ فروردین اعلام کرد.&lt;/p&gt;\r\n</description>\r\n      <pubDate>Mon, 09 Apr 2018 14:30:00 +0430</pubDate>\r\n    </item>\r\n    <item>\r\n      <guid isPermaLink=\"true\">https://www.zoomit.ir/2018/4/9/270574/enhance-internal-messenger-switch-telegram/</guid>\r\n      <link>https://www.zoomit.ir/2018/4/9/270574/enhance-internal-messenger-switch-telegram/</link>\r\n      <category>فناوری ایران</category>\r\n      <title>دبیر شورای‌عالی فضای مجازی: تقویت پیام رسان‌های داخلی در راستای کوچ داوطلبانه از تلگرام</title>\r\n      <description>&lt;img src=\"https://cdn01.zoomit.ir/2018/4/a41b320b-6ede-4c83-a3c1-938fe6c2018a.jpg\" alt=\"دبیر شورای‌عالی فضای مجازی: تقویت پیام رسان‌های داخلی در راستای کوچ داوطلبانه از تلگرام\" /&gt;&lt;br/&gt;&lt;p&gt;&lt;/p&gt;\r\n&lt;p&gt;دبیر شورای عالی فضای مجازی اعلام کرد که برنامه شورای عالی فضای مجازی برای تقویت شبکه&amp;zwnj;های پیام رسان داخلی، اجرای استراتژی کوچ داوطلبانه از تلگرام است.&lt;/p&gt;\r\n</description>\r\n      <pubDate>Mon, 09 Apr 2018 14:15:00 +0430</pubDate>\r\n    </item>\r\n    <item>\r\n      <guid isPermaLink=\"true\">https://www.zoomit.ir/2018/4/8/270504/reduce-stress-when-need-prioritize/</guid>\r\n      <link>https://www.zoomit.ir/2018/4/8/270504/reduce-stress-when-need-prioritize/</link>\r\n      <category>پیشرفت شخصی</category>\r\n      <title>کاهش استرس در زمان‌هایی که به اولویت‌بندی نیاز دارید</title>\r\n      <description>&lt;img src=\"https://cdn01.zoomit.ir/2018/4/8a56f9e0-1731-40f8-850b-475f95003f26.jpg\" alt=\"کاهش استرس در زمان‌هایی که به اولویت‌بندی نیاز دارید\" /&gt;&lt;br/&gt;&lt;p&gt;همه&amp;zwnj;ی ما در طول روز با فشارها و تنش&amp;zwnj;های متعددی روبه&amp;zwnj;رو هستیم. چگونه می&amp;zwnj;توانیم مانع از تحلیل رفتن انرژی و انگیزه&amp;zwnj;ی خودمان بشویم؟&lt;/p&gt;\r\n</description>\r\n      <pubDate>Mon, 09 Apr 2018 14:00:00 +0430</pubDate>\r\n    </item>\r\n    <item>\r\n      <guid isPermaLink=\"true\">https://www.zoomit.ir/2018/4/9/270573/privacy-in-messaging/</guid>\r\n      <link>https://www.zoomit.ir/2018/4/9/270573/privacy-in-messaging/</link>\r\n      <category>فناوری ایران</category>\r\n      <title>لایحه حفظ حریم خصوصی در پیام‌رسان‌های بومی تدوین می‌شود</title>\r\n      <description>&lt;img src=\"https://cdn01.zoomit.ir/2017/7/b4d9ae3a-59cd-46b0-8c51-295389634257.jpg\" alt=\"لایحه حفظ حریم خصوصی در پیام‌رسان‌های بومی تدوین می‌شود\" /&gt;&lt;br/&gt;&lt;p&gt;وزیر ارتباطات و فناوری اطلاعات اعلام کرد که لایحه حفظ حریم خصوصی افراد در پیام رسان&amp;zwnj;های بومی تدوین می&amp;zwnj;شود.&lt;/p&gt;\r\n</description>\r\n      <pubDate>Mon, 09 Apr 2018 13:45:00 +0430</pubDate>\r\n    </item>\r\n    <item>\r\n      <guid isPermaLink=\"true\">https://www.zoomit.ir/2018/4/9/270565/bmw-7-series-price-in-iran/</guid>\r\n      <link>https://www.zoomit.ir/2018/4/9/270565/bmw-7-series-price-in-iran/</link>\r\n      <category>اخبار خودرو</category>\r\n      <title> قیمت بی ام و سری 7، فعلا  ۱.۳ میلیارد تومان</title>\r\n      <description>&lt;img src=\"https://cdn01.zoomit.ir/2018/4/a9764f3d-1739-4ac2-884f-c21358a8fa39.jpg\" alt=\" قیمت بی ام و سری 7، فعلا  ۱.۳ میلیارد تومان\" /&gt;&lt;br/&gt;&lt;p&gt;در حالی که قرار بود، خودروهای گران&amp;zwnj;تر از ۴۰ هزار دلار، مجوز واردات به کشور نداشته باشند، نمایندگی رسمی بی&amp;zwnj;ام&amp;zwnj;و در ایران، اقدام به پیش&amp;zwnj;فروش مدل&amp;zwnj;های لوکس سری 7 با آستانه قیمت ۱.۲۹۲ میلیارد تومن کرده است.&lt;/p&gt;\r\n</description>\r\n      <pubDate>Mon, 09 Apr 2018 13:30:00 +0430</pubDate>\r\n    </item>\r\n    <item>\r\n      <guid isPermaLink=\"true\">https://www.zoomit.ir/2018/4/9/270551/racism-impacts-your-health/</guid>\r\n      <link>https://www.zoomit.ir/2018/4/9/270551/racism-impacts-your-health/</link>\r\n      <category>علمی</category>\r\n      <title>نژادپرستی بر سلامت جسمانی افراد قربانی تأثیر منفی می‌گذارد</title>\r\n      <description>&lt;img src=\"https://cdn01.zoomit.ir/2018/4/5e201a6c-8f1d-4e11-8a1f-b048ec2b736b.jpg\" alt=\"نژادپرستی بر سلامت جسمانی افراد قربانی تأثیر منفی می‌گذارد\" /&gt;&lt;br/&gt;&lt;p&gt;شاید گفتن اینکه نژادپرستی روی سلامت فیزیکی هم تأثیر می&amp;zwnj;گذارد، عجیب به&amp;zwnj; نظر برسد؛ اما مبنای علمی دارد.&lt;/p&gt;\r\n</description>\r\n      <pubDate>Mon, 09 Apr 2018 13:00:00 +0430</pubDate>\r\n    </item>\r\n    <item>\r\n      <guid isPermaLink=\"true\">https://www.zoomg.ir/2018/4/6/273710/zero-short-animation/?rel=nofollow/</guid>\r\n      <link>https://www.zoomg.ir/2018/4/6/273710/zero-short-animation/?rel=nofollow/</link>\r\n      <category>خانواده‌ی زومیت</category>\r\n      <title>معرفی انیمیشن کوتاه Zero </title>\r\n      <description>&lt;img src=\"https://cdn01.zoomit.ir/2018/4/1da2f831-4510-4844-9279-576d7c0c5a01.jpg\" alt=\"معرفی انیمیشن کوتاه Zero \" /&gt;&lt;br/&gt;&lt;p&gt;انیمیشن کوتاه زیرو، روایت&amp;zwnj;گر داستان افرادی است که همیشه در زندگی خود در دسته اقلیت بودند. با معرفی این انیمیشن فوق&amp;zwnj;العاده همراه باشید.&lt;/p&gt;\r\n</description>\r\n      <pubDate>Mon, 09 Apr 2018 12:45:00 +0430</pubDate>\r\n    </item>\r\n    <item>\r\n      <guid isPermaLink=\"true\">https://www.zoomit.ir/2018/4/9/270561/apple-co-founders-reaction-fb-data-breach/</guid>\r\n      <link>https://www.zoomit.ir/2018/4/9/270561/apple-co-founders-reaction-fb-data-breach/</link>\r\n      <category>اینترنت و شبکه</category>\r\n      <category>امنیت</category>\r\n      <title>استیو وازنیاک در واکنش به افشای اطلاعات، از فیسبوک خداحافظی کرد</title>\r\n      <description>&lt;img src=\"https://cdn01.zoomit.ir/ex/Cover/d591262ab34de287321a8270569a6682_XL.jpg\" alt=\"استیو وازنیاک در واکنش به افشای اطلاعات، از فیسبوک خداحافظی کرد\" /&gt;&lt;br/&gt;&lt;p&gt;استیو وزنیاک، یکی از بنیان&amp;zwnj;گذاران اپل، در واکنش به رسوایی&amp;zwnj;های اخیر فیسبوک، پس انتشار پستی حساب کاربری فیسبوک خود را بست.&lt;/p&gt;\r\n</description>\r\n      <pubDate>Mon, 09 Apr 2018 12:30:00 +0430</pubDate>\r\n    </item>\r\n    <item>\r\n      <guid isPermaLink=\"true\">https://www.zoomit.ir/2018/4/9/270567/soroush-omit-app-store/</guid>\r\n      <link>https://www.zoomit.ir/2018/4/9/270567/soroush-omit-app-store/</link>\r\n      <category>فناوری ایران</category>\r\n      <title>سروش و بله از اپ استور اپل حذف شدند</title>\r\n      <description>&lt;img src=\"https://cdn01.zoomit.ir/2016/11/419ce68d-d31d-4d29-8d46-fb364e5ad8d2.jpg\" alt=\"سروش و بله از اپ استور اپل حذف شدند\" /&gt;&lt;br/&gt;&lt;p&gt;پیام&amp;zwnj;رسان&amp;zwnj;های بومی همچون &lt;strong&gt;سروش&lt;/strong&gt; و &lt;strong&gt;بله&lt;/strong&gt; از فروشگاه اپ&amp;zwnj;استور اپل حذف شدند.&lt;/p&gt;\r\n</description>\r\n      <pubDate>Mon, 09 Apr 2018 12:23:00 +0430</pubDate>\r\n    </item>\r\n    <item>\r\n      <guid isPermaLink=\"true\">https://www.zoomit.ir/2018/4/9/270562/all-mobile-brands-registry/</guid>\r\n      <link>https://www.zoomit.ir/2018/4/9/270562/all-mobile-brands-registry/</link>\r\n      <category>فناوری ایران</category>\r\n      <title>از آخر فروردین همه برندها مشمول رجیستری می‌شوند</title>\r\n      <description>&lt;img src=\"https://cdn01.zoomit.ir/2017/4/1041fb63-4fd3-44c4-8dcd-da9c679b5987.jpg\" alt=\"از آخر فروردین همه برندها مشمول رجیستری می‌شوند\" /&gt;&lt;br/&gt;&lt;p&gt;طی چندین مرحله برخی از برندها تحت پوشش طرح رجیستری قرار گرفت و حالا قرار است از اواخر ماه جاری باقی برندهای موبایلی نیز مشمول این طرح شوند.&lt;/p&gt;\r\n</description>\r\n      <pubDate>Mon, 09 Apr 2018 12:15:00 +0430</pubDate>\r\n    </item>\r\n    <item>\r\n      <guid isPermaLink=\"true\">https://www.zoomit.ir/2018/4/9/270487/sound-recording-reproduction-history-part-1/</guid>\r\n      <link>https://www.zoomit.ir/2018/4/9/270487/sound-recording-reproduction-history-part-1/</link>\r\n      <category>سیستم‌ های صوتی</category>\r\n      <title>جادوی صدا: نگاهی به روند توسعه ابزارهای ذخیره سازی صدا (قسمت اول)</title>\r\n      <description>&lt;img src=\"https://cdn01.zoomit.ir/2018/4/216c8fdd-a726-4e0c-b0c6-f35e77a20f95.jpg\" alt=\"جادوی صدا: نگاهی به روند توسعه ابزارهای ذخیره سازی صدا (قسمت اول)\" /&gt;&lt;br/&gt;&lt;p&gt;ذخیره و بازپخش صدا که زمانی همچون یک معجزه بود، اکنون به بخشی روزمره از زندگی انسان تبدیل شده است. در این مقاله با روند توسعه&amp;zwnj;ی ابزارهای ذخیره و بازپخش صدا آشنا می&amp;zwnj;شویم.&lt;/p&gt;\r\n</description>\r\n      <pubDate>Mon, 09 Apr 2018 12:00:00 +0430</pubDate>\r\n    </item>\r\n    <item>\r\n      <guid isPermaLink=\"true\">https://www.zoomit.ir/2018/4/9/270552/audi-sq5-europe-sales-stopped/</guid>\r\n      <link>https://www.zoomit.ir/2018/4/9/270552/audi-sq5-europe-sales-stopped/</link>\r\n      <category>اخبار خودرو</category>\r\n      <title>توقف فروش آئودی SQ5 به دلیل آلایندگی بالا</title>\r\n      <description>&lt;img src=\"https://cdn01.zoomit.ir/2018/4/ae1fed18-910d-4d74-b9f2-c87440b11778.jpg\" alt=\"توقف فروش آئودی SQ5 به دلیل آلایندگی بالا\" /&gt;&lt;br/&gt;&lt;p&gt;آئودی به دلیل قوانین سختگیرانه&amp;zwnj;ی زیست&amp;zwnj;محیطی، فروش مدل SQ5 را در اروپا متوقف کرد. البته تولید این خودرو در مکزیک همچنان ادامه خواهد یافت.&amp;nbsp;&lt;/p&gt;\r\n</description>\r\n      <pubDate>Mon, 09 Apr 2018 11:30:00 +0430</pubDate>\r\n    </item>\r\n    <item>\r\n      <guid isPermaLink=\"true\">https://www.zoomit.ir/2018/4/9/270543/techys-iphone-cellphone/</guid>\r\n      <link>https://www.zoomit.ir/2018/4/9/270543/techys-iphone-cellphone/</link>\r\n      <category>رپورتاژ آگهی</category>\r\n      <title>۴۰ درصد از کاربران ایرانی با گوشی‌های شکسته کار می‌کنند!</title>\r\n      <description>&lt;img src=\"https://cdn01.zoomit.ir/2018/4/fcece6a1-81a7-44da-aace-934d7d84817c.jpg\" alt=\"۴۰ درصد از کاربران ایرانی با گوشی‌های شکسته کار می‌کنند!\" /&gt;&lt;br/&gt;&lt;p&gt;خود را درگیر آمار نکنید، &amp;laquo;&lt;a href=\"http://www.techys.me/\" target=\"_blank\" rel=\"\"&gt;تکیز&lt;/a&gt;&amp;raquo; ال سی دی شکسته گوشی شما را با قطعات اصلی و با ۱۰درصد تخفیف تعمیر می&amp;zwnj;کند!&lt;/p&gt;\r\n</description>\r\n      <pubDate>Mon, 09 Apr 2018 11:00:00 +0430</pubDate>\r\n    </item>\r\n    <item>\r\n      <guid isPermaLink=\"true\">https://www.zoomit.ir/2018/4/9/270560/red-iphone-8-iphone-8-plus-launching/</guid>\r\n      <link>https://www.zoomit.ir/2018/4/9/270560/red-iphone-8-iphone-8-plus-launching/</link>\r\n      <category>موبایل</category>\r\n      <title>آیفون 8 و آيفون 8‌ پلاس قرمز امروز معرفی می‌شوند</title>\r\n      <description>&lt;img src=\"https://cdn01.zoomit.ir/2018/4/b171627b-1077-4d9c-a4eb-9b042ad7e804.jpg\" alt=\"آیفون 8 و آيفون 8‌ پلاس قرمز امروز معرفی می‌شوند\" /&gt;&lt;br/&gt;&lt;p&gt;اطلاعات برگرفته از ویرجین موبایل حاکی از آن است که اپل در نظر دارد امروز آیفون ۸ و آیفون ۸ پلاس قرمزرنگ را معرفی کند.&lt;/p&gt;\r\n</description>\r\n      <pubDate>Mon, 09 Apr 2018 10:45:00 +0430</pubDate>\r\n    </item>\r\n    <item>\r\n      <guid isPermaLink=\"true\">https://www.zoomit.ir/2018/4/8/270530/huawei-nova-3e-unboxing/</guid>\r\n      <link>https://www.zoomit.ir/2018/4/8/270530/huawei-nova-3e-unboxing/</link>\r\n      <category>موبایل</category>\r\n      <category>جعبه گشایی</category>\r\n      <title>جعبه گشایی هواوی نوا 3 ای</title>\r\n      <description>&lt;img src=\"https://cdn01.zoomit.ir/2018/4/af71bd6a-0f19-4018-8407-52a196651f64.jpg\" alt=\"جعبه گشایی هواوی نوا 3 ای\" /&gt;&lt;br/&gt;&lt;p&gt;نسخه مقرون&amp;lrm;&amp;zwnj;به&amp;zwnj;صرفه&amp;zwnj;ی پرچم&amp;zwnj;دار سال ۲۰۱۸ هواوی با نام پی ۲۰ لایت، در بازار کشور تحت عنوان هواوی نوا ۳ ای عرضه خواهد شد و امروز&amp;nbsp;&lt;span&gt;در زومیت به جعبه&amp;zwnj;گشایی آن پرداختیم.&lt;/span&gt;&lt;span&gt;&lt;/span&gt;&lt;/p&gt;\r\n</description>\r\n      <pubDate>Mon, 09 Apr 2018 10:30:00 +0430</pubDate>\r\n    </item>\r\n    <item>\r\n      <guid isPermaLink=\"false\">https://www.kojaro.com/2018/4/7/141629/%d8%a7%d8%b3%d8%aa%d9%82%d8%a8%d8%a7%d9%84-%d9%85%d9%88%d8%b2%d9%87-%d9%84%d9%88%d9%88%d8%b1-%d8%aa%d9%87%d8%b1%d8%a7%d9%86/?utm_source=zoomit.ir&amp;utm_medium=referral&amp;utm_campaign=Welcome+to+Tehran+Lover+Museum&amp;rel=nofollow/</guid>\r\n      <link>https://www.kojaro.com/2018/4/7/141629/%D8%A7%D8%B3%D8%AA%D9%82%D8%A8%D8%A7%D9%84-%D9%85%D9%88%D8%B2%D9%87-%D9%84%D9%88%D9%88%D8%B1-%D8%AA%D9%87%D8%B1%D8%A7%D9%86/?utm_source=zoomit.ir&amp;utm_medium=referral&amp;utm_campaign=Welcome+to+Tehran+Lover+Museum&amp;rel=nofollow/</link>\r\n      <category>کجارو</category>\r\n      <title>چرا از موزه لوور در تهران بیش از حد تصور استقبال شد؟</title>\r\n      <description>&lt;img src=\"https://cdn01.zoomit.ir/2018/4/323f4656-253d-47c1-8510-2e45c6c3df2c.jpg\" alt=\"چرا از موزه لوور در تهران بیش از حد تصور استقبال شد؟\" /&gt;&lt;br/&gt;&lt;p&gt;&lt;span&gt;اکنون بیش از ۱۰۰ هزار نفر از نمایشگاه &amp;laquo;&lt;a href=\"https://www.kojaro.com/attraction/10942-%D9%85%D9%88%D8%B2%D9%87-%D9%84%D9%88%D9%88%D8%B1-%D9%81%D8%B1%D8%A7%D9%86%D8%B3%D9%87/\" target=\"_blank\" rel=\"nofollow \"&gt;موزه لوور&lt;/a&gt; در &lt;a href=\"https://www.kojaro.com/dir/%D8%AA%D9%87%D8%B1%D8%A7%D9%86-118-ci/\" target=\"_blank\" rel=\"nofollow \"&gt;تهران&lt;/a&gt;&amp;raquo; دیدن کرده&amp;zwnj;اند آیا این حجم از استقبال بازدید از &lt;a href=\"https://www.kojaro.com/tag/%D9%85%D9%88%D8%B2%D9%87/\" target=\"_blank\" rel=\"nofollow \"&gt;موزه&lt;/a&gt;&amp;nbsp;به دلیل بالا رفتن سطح فرهنگی همه اقشار جامعه است ؟&lt;/span&gt;&lt;/p&gt;\r\n</description>\r\n      <pubDate>Mon, 09 Apr 2018 10:15:00 +0430</pubDate>\r\n    </item>\r\n    <item>\r\n      <guid isPermaLink=\"true\">https://www.zoomit.ir/2018/4/9/270556/telegram-filtering-denied/</guid>\r\n      <link>https://www.zoomit.ir/2018/4/9/270556/telegram-filtering-denied/</link>\r\n      <category>فناوری ایران</category>\r\n      <title>وزیر ارتباطات: تصمیمی برای فیلتر تلگرام گرفته نشده است</title>\r\n      <description>&lt;img src=\"https://cdn01.zoomit.ir/ex/Cover/b332071b8f372746e3484a85b8afbe1e_XL.jpg\" alt=\"وزیر ارتباطات: تصمیمی برای فیلتر تلگرام گرفته نشده است\" /&gt;&lt;br/&gt;&lt;p&gt;روز گذشته برخی رسانه&amp;zwnj;ها زمان فیلتر تلگرام را اعلام کردند و بر این اساس، وزیر ارتباطات این خبر را تکذیب و اعلام کرد که تصمیم قانونی برای فیلترینگ این شبکه اجتماعی به این وزارتخانه واصل نشده است.&lt;/p&gt;\r\n</description>\r\n      <pubDate>Mon, 09 Apr 2018 10:00:00 +0430</pubDate>\r\n    </item>\r\n    <item>\r\n      <guid isPermaLink=\"true\">https://www.zoomit.ir/2018/4/9/270550/windows-10-arm-support-64-bit-apps/</guid>\r\n      <link>https://www.zoomit.ir/2018/4/9/270550/windows-10-arm-support-64-bit-apps/</link>\r\n      <category>سیستم عامل</category>\r\n      <title>ویندوز 10 آرم از اپلیکیشن‌های ۶۴ بیتی پشتیبانی خواهد کرد</title>\r\n      <description>&lt;img src=\"https://cdn01.zoomit.ir/2018/1/06060058-4741-410c-8e1e-f773d80f72b8.jpg\" alt=\"ویندوز 10 آرم از اپلیکیشن‌های ۶۴ بیتی پشتیبانی خواهد کرد\" /&gt;&lt;br/&gt;&lt;p&gt;بر اساس اعلام مایکروسافت، از ماه می سال جاری، ویندوز ۱۰ آرم از اپلیکیشن&amp;zwnj;های ۶۴ بیتی پشتیبانی به عمل خواهد آورد.&lt;/p&gt;\r\n</description>\r\n      <pubDate>Mon, 09 Apr 2018 09:30:00 +0430</pubDate>\r\n    </item>\r\n    <item>\r\n      <guid isPermaLink=\"true\">https://www.zoomit.ir/2018/4/9/270553/bahrain-grand-prix-race-highlights/</guid>\r\n      <link>https://www.zoomit.ir/2018/4/9/270553/bahrain-grand-prix-race-highlights/</link>\r\n      <category>موتور اسپرت</category>\r\n      <category>ویدیو خودرو</category>\r\n      <title>فرمول یک بحرین با قهرمانی فتل برگزار شد</title>\r\n      <description>&lt;img src=\"https://cdn01.zoomit.ir/2018/4/91a0410e-383d-47a4-a013-52ebc3da44ad.jpg\" alt=\"فرمول یک بحرین با قهرمانی فتل برگزار شد\" /&gt;&lt;br/&gt;&lt;p&gt;جایزه بزرگ بحرین، مثل رقابت هفته&amp;zwnj;ی اول در استرالیا؛ ناکامی لوئیس همیلتون و موفقیت فتل را به دنبال داشت تا باز هم راننده&amp;zwnj;ای از فراری، بالاتر از مرسدس بنز روی سکو بایستد.&lt;/p&gt;\r\n</description>\r\n      <pubDate>Mon, 09 Apr 2018 09:00:00 +0430</pubDate>\r\n    </item>\r\n    <item>\r\n      <guid isPermaLink=\"true\">https://www.zoomit.ir/2018/4/8/270549/twitter-closed--million-accounts/</guid>\r\n      <link>https://www.zoomit.ir/2018/4/8/270549/twitter-closed--million-accounts/</link>\r\n      <category>اینترنت و شبکه</category>\r\n      <title>توییتر ۱.۲ میلیون حساب کاربری را به دلیل انتشار محتوای تروریستی بست</title>\r\n      <description>&lt;img src=\"https://cdn01.zoomit.ir/2017/8/59434a4c-2680-4275-b1b4-07fc4d1ec20f.jpg\" alt=\"توییتر ۱.۲ میلیون حساب کاربری را به دلیل انتشار محتوای تروریستی بست\" /&gt;&lt;br/&gt;&lt;p&gt;توییتر در دو سال اخیر بیش از ۱.۲ میلیون حساب کاربری را به دلیل انتشار محتوای تروریستی به حالت تعلیق در آورده است.&lt;/p&gt;\r\n</description>\r\n      <pubDate>Mon, 09 Apr 2018 08:30:00 +0430</pubDate>\r\n    </item>\r\n    <item>\r\n      <guid isPermaLink=\"true\">https://www.zoomit.ir/2018/4/8/270548/windows-10-pwa-hit-store/</guid>\r\n      <link>https://www.zoomit.ir/2018/4/8/270548/windows-10-pwa-hit-store/</link>\r\n      <category>نرم افزار و اپلیکیشن</category>\r\n      <title>نخستین موج وب‌‌ اپلیکیشن‌های پیشرو وارد استور ویندوز 10 شد</title>\r\n      <description>&lt;img src=\"https://cdn01.zoomit.ir/2018/4/af3cf0a3-0f23-420e-b0ad-59f966eb2413.jpg\" alt=\"نخستین موج وب‌‌ اپلیکیشن‌های پیشرو وارد استور ویندوز 10 شد\" /&gt;&lt;br/&gt;&lt;p&gt;مایکروسافت طبق وعده&amp;zwnj;ی پیشین خود، امروز نخستین موج از وب&amp;zwnj;&amp;zwnj; اپلیکیشن&amp;zwnj;های پیشرو را وارد فروشگاه نرم&amp;zwnj;افزاری ویندوز ۱۰ کرد.&lt;/p&gt;\r\n</description>\r\n      <pubDate>Mon, 09 Apr 2018 00:00:00 +0430</pubDate>\r\n    </item>\r\n    <item>\r\n      <guid isPermaLink=\"true\">https://www.zoomg.ir/2018/4/3/273558/mehran-modiri-biography/?rel=nofollow/</guid>\r\n      <link>https://www.zoomg.ir/2018/4/3/273558/mehran-modiri-biography/?rel=nofollow/</link>\r\n      <category>خانواده‌ی زومیت</category>\r\n      <title>بیوگرافی مهران مدیری </title>\r\n      <description>&lt;img src=\"https://cdn01.zoomit.ir/2018/4/7593a5ad-5f7b-4e59-9b08-3c145135381a.jpg\" alt=\"بیوگرافی مهران مدیری \" /&gt;&lt;br/&gt;&lt;p&gt;به مناسبت تولد پنجاه و یک سالگی مهران مدیری، در این مطلب به بررسی زندگی حرفه&amp;zwnj;ای این کارگردان و بازیگر محبوب کشورمان پرداخته&amp;zwnj;ایم.&lt;/p&gt;\r\n</description>\r\n      <pubDate>Sun, 08 Apr 2018 23:45:00 +0430</pubDate>\r\n    </item>\r\n    <item>\r\n      <guid isPermaLink=\"true\">https://www.zoomit.ir/2018/4/8/270495/can-zuckerberg-rebuild-trust/</guid>\r\n      <link>https://www.zoomit.ir/2018/4/8/270495/can-zuckerberg-rebuild-trust/</link>\r\n      <category>همگام با پیشروان</category>\r\n      <title>آیا زاکربرگ می‌تواند دوباره اعتماد مردم را به دست آورد؟</title>\r\n      <description>&lt;img src=\"https://cdn01.zoomit.ir/2018/4/a951e0e3-956b-40c6-9c6c-ea64d9fef64d.jpg\" alt=\"آیا زاکربرگ می‌تواند دوباره اعتماد مردم را به دست آورد؟\" /&gt;&lt;br/&gt;&lt;p&gt;مدیرعامل فیس&amp;zwnj;بوک چگونه می&amp;zwnj;تواند رسوایی سوءاستفاده از داده&amp;zwnj;های ۸۷ میلیون کاربر را جبران کند و دوباره اعتماد مخاطبان خود را به دست آورد؟&lt;/p&gt;\r\n</description>\r\n      <pubDate>Sun, 08 Apr 2018 23:30:00 +0430</pubDate>\r\n    </item>\r\n    <item>\r\n      <guid isPermaLink=\"true\">https://www.zoomit.ir/2018/4/8/270506/2018-lexus-lx570-two-row-first-drive/</guid>\r\n      <link>https://www.zoomit.ir/2018/4/8/270506/2018-lexus-lx570-two-row-first-drive/</link>\r\n      <category>اخبار خودرو</category>\r\n      <title>نگاه عمیق به لکسوس LX مدل ۲۰۱۸</title>\r\n      <description>&lt;img src=\"https://cdn01.zoomit.ir/2018/4/78761820-d326-4aad-9643-acb208969b57.jpg\" alt=\"نگاه عمیق به لکسوس LX مدل ۲۰۱۸\" /&gt;&lt;br/&gt;&lt;p&gt;نسل جدید لکسوس LX برای سال ۲۰۱۸ وارد بازار شده است. در این مطلب به بررسی نسخه&amp;zwnj;ی&amp;nbsp; پنچ نفره با دو ردیف صندلی و کد LX570 می&amp;zwnj;پردازیم.&lt;/p&gt;\r\n</description>\r\n      <pubDate>Sun, 08 Apr 2018 22:30:00 +0430</pubDate>\r\n    </item>\r\n  </channel>\r\n</rss>', '21', '21'),
(2, 2, '<?xml version=\"1.0\" encoding=\"UTF-8\"?><rss version=\"2.0\"\n	xmlns:content=\"http://purl.org/rss/1.0/modules/content/\"\n	xmlns:wfw=\"http://wellformedweb.org/CommentAPI/\"\n	xmlns:dc=\"http://purl.org/dc/elements/1.1/\"\n	xmlns:atom=\"http://www.w3.org/2005/Atom\"\n	xmlns:sy=\"http://purl.org/rss/1.0/modules/syndication/\"\n	xmlns:slash=\"http://purl.org/rss/1.0/modules/slash/\"\n	>\n\n<channel>\n	<title>رسانه کلیک</title>\n	<atom:link href=\"https://click.ir/feed/\" rel=\"self\" type=\"application/rss+xml\" />\n	<link>https://click.ir</link>\n	<description>نبض فناوری و اطلاعات</description>\n	<lastBuildDate>Mon, 09 Apr 2018 16:54:45 +0430</lastBuildDate>\n	<language>fa-IR</language>\n	<sy:updatePeriod>hourly</sy:updatePeriod>\n	<sy:updateFrequency>1</sy:updateFrequency>\n	\n\n<image>\n	<url>https://click.ir/wp-content/uploads/2017/11/cropped-click-icon-1-32x32.png</url>\n	<title>رسانه کلیک</title>\n	<link>https://click.ir</link>\n	<width>32</width>\n	<height>32</height>\n</image> \n	<item>\n		<title>وزیر ارتباطات: پیام رسان های ایرانی هرگز اطلاعات کاربران را در اختیار کسی قرار نمی دهد</title>\n		<link>https://click.ir/1397/01/20/local-iranian-messengers-security-high/</link>\n		<comments>https://click.ir/1397/01/20/local-iranian-messengers-security-high/#respond</comments>\n		<pubDate>Mon, 09 Apr 2018 16:54:45 +0000</pubDate>\n		<dc:creator><![CDATA[سامیه صوفی]]></dc:creator>\n				<category><![CDATA[شبکه‌های اجتماعی]]></category>\n		<category><![CDATA[فید]]></category>\n		<category><![CDATA[آذری جهرمی]]></category>\n		<category><![CDATA[اطلاعات خصوصی کاربران]]></category>\n		<category><![CDATA[حریم خصوصی]]></category>\n		<category><![CDATA[شورای عالی فضای مجازی]]></category>\n		<category><![CDATA[فضای مجازی]]></category>\n		<category><![CDATA[فیلترینگ تلگرام]]></category>\n		<category><![CDATA[وزیر ارتباطات]]></category>\n		<category><![CDATA[پهنای باند]]></category>\n		<category><![CDATA[پیام‌ رسان‌ های داخلی]]></category>\n\n		<guid isPermaLink=\"false\">https://click.ir/?p=162275</guid>\n		<description><![CDATA[<p>رسانه کلیک &#8211; وزیر ارتباطات و فناوری اطلاعات از ارائه لایحه‌ ای به دولت در زمینه حفظ حریم خصوصی و صیانت حقوق شهروندی در فضای مجازی خبر داد و تاکید کرد: شبکه‌ های پیام رسان داخلی امنیت دارند و هرگز اطلاعات خصوصی افراد در اختیار کسی قرار نمی‌ گیرد. به گزارش کلیک به نقل از [&#8230;]</p>\n<p>نوشته <a rel=\"nofollow\" href=\"https://click.ir/1397/01/20/local-iranian-messengers-security-high/\">وزیر ارتباطات: پیام رسان های ایرانی هرگز اطلاعات کاربران را در اختیار کسی قرار نمی دهد</a> اولین بار در <a rel=\"nofollow\" href=\"https://click.ir\">رسانه کلیک</a> پدیدار شد.</p>\n]]></description>\n		<wfw:commentRss>https://click.ir/1397/01/20/local-iranian-messengers-security-high/feed/</wfw:commentRss>\n		<slash:comments>0</slash:comments>\n		</item>\n		<item>\n		<title>در رندرهای جدید اچ تی سی U12 خبری از برش نمایشگر نیست!</title>\n		<link>https://click.ir/1397/01/20/htc-u12-no-notch-new-renders/</link>\n		<comments>https://click.ir/1397/01/20/htc-u12-no-notch-new-renders/#respond</comments>\n		<pubDate>Mon, 09 Apr 2018 16:30:40 +0000</pubDate>\n		<dc:creator><![CDATA[محمد قریشی]]></dc:creator>\n				<category><![CDATA[فید]]></category>\n		<category><![CDATA[موبایل]]></category>\n		<category><![CDATA[HTC U12]]></category>\n		<category><![CDATA[اچ تی سی]]></category>\n		<category><![CDATA[اچ تی سی U12]]></category>\n		<category><![CDATA[اچ تی سی یو 12]]></category>\n		<category><![CDATA[بریدگی بالای نمایشگر]]></category>\n		<category><![CDATA[رندر اچ تی سی U12]]></category>\n		<category><![CDATA[رندر اچ تی سی یو 12]]></category>\n\n		<guid isPermaLink=\"false\">https://click.ir/?p=162279</guid>\n		<description><![CDATA[<p>رسانه کلیک &#8211; ظاهرا اچ تی سی قصد ندارد از برآمدگی نمایشگر در پرچمدار آینده خود استفاده کند، چرا که رندر اچ تی سی یو 12 از عدم بکارگیری برش نمایشگر در این گوشی هوشمند خبر می دهد. شرکت های زیادی محصولات خود را به برش نمایشگر مجهز می کنند. اپل با معرفی آیفون ایکس [&#8230;]</p>\n<p>نوشته <a rel=\"nofollow\" href=\"https://click.ir/1397/01/20/htc-u12-no-notch-new-renders/\">در رندرهای جدید اچ تی سی U12 خبری از برش نمایشگر نیست!</a> اولین بار در <a rel=\"nofollow\" href=\"https://click.ir\">رسانه کلیک</a> پدیدار شد.</p>\n]]></description>\n		<wfw:commentRss>https://click.ir/1397/01/20/htc-u12-no-notch-new-renders/feed/</wfw:commentRss>\n		<slash:comments>0</slash:comments>\n		</item>\n		<item>\n		<title>استراتژی کوچ داوطلبانه از تلگرام را در پیش می گیریم/ فعالیت خالص اقتصادی در تلگرام نداریم</title>\n		<link>https://click.ir/1397/01/20/iranian-users-telegram-changing-messengers/</link>\n		<comments>https://click.ir/1397/01/20/iranian-users-telegram-changing-messengers/#respond</comments>\n		<pubDate>Mon, 09 Apr 2018 16:15:14 +0000</pubDate>\n		<dc:creator><![CDATA[پارسا منش]]></dc:creator>\n				<category><![CDATA[شبکه‌های اجتماعی]]></category>\n		<category><![CDATA[فید]]></category>\n		<category><![CDATA[رمز ارز]]></category>\n		<category><![CDATA[رمز ارز گرام]]></category>\n		<category><![CDATA[شورای عالی فضای مجازی]]></category>\n		<category><![CDATA[فیلتر تلگرام]]></category>\n		<category><![CDATA[فیلتر شکن]]></category>\n		<category><![CDATA[پیام رسان تلگرام]]></category>\n		<category><![CDATA[پیام رسان های بومی]]></category>\n\n		<guid isPermaLink=\"false\">https://click.ir/?p=162223</guid>\n		<description><![CDATA[<p>رسانه کلیک &#8211; دبیر شورای عالی فضای مجازی گفت: برنامه شورای عالی فضای مجازی برای تقویت شبکه های پیام رسان داخلی، اجرای استراتژی کوچ داوطلبانه از اپلیکیشن پیام رسان تلگرام است. به گزارش کلیک به نقل از مهر؛ ابوالحسین فیروزآبادی دبیر شورای عالی فضای مجازی در نشست مشترک کمیسیون اقتصاد و کمیسیون امنیت ملی در خصوص [&#8230;]</p>\n<p>نوشته <a rel=\"nofollow\" href=\"https://click.ir/1397/01/20/iranian-users-telegram-changing-messengers/\">استراتژی کوچ داوطلبانه از تلگرام را در پیش می گیریم/ فعالیت خالص اقتصادی در تلگرام نداریم</a> اولین بار در <a rel=\"nofollow\" href=\"https://click.ir\">رسانه کلیک</a> پدیدار شد.</p>\n]]></description>\n		<wfw:commentRss>https://click.ir/1397/01/20/iranian-users-telegram-changing-messengers/feed/</wfw:commentRss>\n		<slash:comments>0</slash:comments>\n		</item>\n		<item>\n		<title>کمتر از 20 روز دیگر تلگرام فیلتر می شود</title>\n		<link>https://click.ir/1397/01/20/telegram-filtering-imminent/</link>\n		<comments>https://click.ir/1397/01/20/telegram-filtering-imminent/#respond</comments>\n		<pubDate>Mon, 09 Apr 2018 16:07:48 +0000</pubDate>\n		<dc:creator><![CDATA[محمد تقی فرهادپور]]></dc:creator>\n				<category><![CDATA[شبکه‌های اجتماعی]]></category>\n		<category><![CDATA[فید]]></category>\n		<category><![CDATA[آذر جهرمی]]></category>\n		<category><![CDATA[شبکه اجتماعی تلگرام]]></category>\n		<category><![CDATA[فیلترینگ تلگرام]]></category>\n		<category><![CDATA[وزیر ارتباطات]]></category>\n\n		<guid isPermaLink=\"false\">https://click.ir/?p=162305</guid>\n		<description><![CDATA[<p>رسانه کلیک &#8211; نماینده مردم تهران در مجلس شورای اسلامی خبر داد که کمتر از 20 روز دیگر شبکه اجتماعی تلگرام فیلتر خواهد شد. به گزارش کلیک به نقل از ایسنا؛ مجتبی ذوالنور نماینده مردم تهران در حساب توییتری خود در این ارتباط نوشت: در جلسه با آذر جهرمی وزیر ارتباطات در کمیسیون مشترک امنیت و [&#8230;]</p>\n<p>نوشته <a rel=\"nofollow\" href=\"https://click.ir/1397/01/20/telegram-filtering-imminent/\">کمتر از 20 روز دیگر تلگرام فیلتر می شود</a> اولین بار در <a rel=\"nofollow\" href=\"https://click.ir\">رسانه کلیک</a> پدیدار شد.</p>\n]]></description>\n		<wfw:commentRss>https://click.ir/1397/01/20/telegram-filtering-imminent/feed/</wfw:commentRss>\n		<slash:comments>0</slash:comments>\n		</item>\n		<item>\n		<title>برخی پیام رسان های ایرانی از فروشگاه اپلیکیشن اپل حذف شد</title>\n		<link>https://click.ir/1397/01/20/iranian-messengers-app-store-deleted/</link>\n		<comments>https://click.ir/1397/01/20/iranian-messengers-app-store-deleted/#respond</comments>\n		<pubDate>Mon, 09 Apr 2018 15:43:59 +0000</pubDate>\n		<dc:creator><![CDATA[سامیه صوفی]]></dc:creator>\n				<category><![CDATA[اپلیکیشن‌ها]]></category>\n		<category><![CDATA[فید]]></category>\n		<category><![CDATA[App Store]]></category>\n		<category><![CDATA[آی او اس]]></category>\n		<category><![CDATA[اپ استور]]></category>\n		<category><![CDATA[اپلیکیشن های ایرانی]]></category>\n		<category><![CDATA[فروشگاه اپلیکیشن اپل]]></category>\n		<category><![CDATA[پیام رسان داخلی]]></category>\n		<category><![CDATA[پیام رسان های داخلی]]></category>\n\n		<guid isPermaLink=\"false\">https://click.ir/?p=162238</guid>\n		<description><![CDATA[<p>رسانه کلیک &#8211; در پی حذف اپلیکیشن های کشورمان از فروشگاه برنامه های کاربردی کمپانی اپل (اپ استور)، برخی پیام رسانهای ایرانی نیز به تازگی از این فروشگاه حذف شده اند. به گزارش کلیک به نقل از مهر؛ اقدام شرکت اپل در حذف اپلیکیشن های ایرانی به بهانه تحریم شرکت های ایرانی توسط آمریکا از سال [&#8230;]</p>\n<p>نوشته <a rel=\"nofollow\" href=\"https://click.ir/1397/01/20/iranian-messengers-app-store-deleted/\">برخی پیام رسان های ایرانی از فروشگاه اپلیکیشن اپل حذف شد</a> اولین بار در <a rel=\"nofollow\" href=\"https://click.ir\">رسانه کلیک</a> پدیدار شد.</p>\n]]></description>\n		<wfw:commentRss>https://click.ir/1397/01/20/iranian-messengers-app-store-deleted/feed/</wfw:commentRss>\n		<slash:comments>0</slash:comments>\n		</item>\n		<item>\n		<title>فیلم Black Panther سومین فیلم پرفروش تاریخ آمریکا/ پلنگ سیاه تایتانیک را غرق کرد!</title>\n		<link>https://click.ir/1397/01/20/black-panther-third-highest-grossing-usa/</link>\n		<comments>https://click.ir/1397/01/20/black-panther-third-highest-grossing-usa/#respond</comments>\n		<pubDate>Mon, 09 Apr 2018 15:30:15 +0000</pubDate>\n		<dc:creator><![CDATA[محمد قریشی]]></dc:creator>\n				<category><![CDATA[فید]]></category>\n		<category><![CDATA[فیلم و سریال]]></category>\n		<category><![CDATA[فیلم Black Panther]]></category>\n		<category><![CDATA[فیلم بلک پنتر]]></category>\n		<category><![CDATA[فیلم پلنگ سیاه]]></category>\n		<category><![CDATA[ویژه]]></category>\n		<category><![CDATA[پرفروش ترین فیلم]]></category>\n\n		<guid isPermaLink=\"false\">https://click.ir/?p=162233</guid>\n		<description><![CDATA[<p>رسانه کلیک &#8211; اوایل سال جاری میلادی فیلم Black Panther بر روی پرده سینماها رفت و موفقیت بزرگی را برای سازندگان خود به ارمغان آورد. بر اساس جدیدترین آمار فروش، فیلم پلنگ سیاه تبدیل به سومین فیلم پرفروش در آمریکا شده است. برای چندین سال فیلم جیمز کامرون، تایتانیک تبدیل به یک استاندارد طلایی برای [&#8230;]</p>\n<p>نوشته <a rel=\"nofollow\" href=\"https://click.ir/1397/01/20/black-panther-third-highest-grossing-usa/\">فیلم Black Panther سومین فیلم پرفروش تاریخ آمریکا/ پلنگ سیاه تایتانیک را غرق کرد!</a> اولین بار در <a rel=\"nofollow\" href=\"https://click.ir\">رسانه کلیک</a> پدیدار شد.</p>\n]]></description>\n		<wfw:commentRss>https://click.ir/1397/01/20/black-panther-third-highest-grossing-usa/feed/</wfw:commentRss>\n		<slash:comments>0</slash:comments>\n		</item>\n		<item>\n		<title>اگر تلگرام فیلتر شود تنها ۳۷.۹ درصد کاربران به پیام رسانه های داخلی کوچ می کنند!</title>\n		<link>https://click.ir/1397/01/20/filter-telegram-local-messengers/</link>\n		<comments>https://click.ir/1397/01/20/filter-telegram-local-messengers/#respond</comments>\n		<pubDate>Mon, 09 Apr 2018 15:17:36 +0000</pubDate>\n		<dc:creator><![CDATA[محمد تقی فرهادپور]]></dc:creator>\n				<category><![CDATA[شبکه‌های اجتماعی]]></category>\n		<category><![CDATA[فید]]></category>\n		<category><![CDATA[شبکه اجتماعی تلگرام]]></category>\n		<category><![CDATA[فیلتر تلگرام]]></category>\n		<category><![CDATA[فیلترشکن]]></category>\n		<category><![CDATA[فیلترینگ تلگرام]]></category>\n		<category><![CDATA[پیام رسان تلگرام]]></category>\n		<category><![CDATA[پیام‌ رسان‌ های ایرانی]]></category>\n		<category><![CDATA[پیام‌ رسان‌ های داخلی]]></category>\n\n		<guid isPermaLink=\"false\">https://click.ir/?p=162267</guid>\n		<description><![CDATA[<p>رسانه کلیک &#8211; در صورتی که اپلیکیشن تلگرام فیلتر شود، تنها 37.9 درصد کسانی که از آن استفاده می‌ کنند، حاضر به جایگزینی این شبکه اجتماعی مجازی با پیام‌ رسان‌ های داخلی هستند.  به گزارش کلیک به نقل از عصر ایران؛ طبق نظرسنجی نوروزی ملی مرکز افکار سنجی دانشجویان ایران وابسته به جهاد دانشگاهی، ۵۹ [&#8230;]</p>\n<p>نوشته <a rel=\"nofollow\" href=\"https://click.ir/1397/01/20/filter-telegram-local-messengers/\">اگر تلگرام فیلتر شود تنها ۳۷.۹ درصد کاربران به پیام رسانه های داخلی کوچ می کنند!</a> اولین بار در <a rel=\"nofollow\" href=\"https://click.ir\">رسانه کلیک</a> پدیدار شد.</p>\n]]></description>\n		<wfw:commentRss>https://click.ir/1397/01/20/filter-telegram-local-messengers/feed/</wfw:commentRss>\n		<slash:comments>0</slash:comments>\n		</item>\n		<item>\n		<title>استیو وزنیاک از فیس بوک خداحافظی کرد؛ تبعات رسوایی کمبریج آنالیتیکا تمامی ندارد!</title>\n		<link>https://click.ir/1397/01/20/steve-wozniak-leaving-facebook/</link>\n		<comments>https://click.ir/1397/01/20/steve-wozniak-leaving-facebook/#respond</comments>\n		<pubDate>Mon, 09 Apr 2018 14:35:37 +0000</pubDate>\n		<dc:creator><![CDATA[محمد قریشی]]></dc:creator>\n				<category><![CDATA[شبکه‌های اجتماعی]]></category>\n		<category><![CDATA[فید]]></category>\n		<category><![CDATA[استیو وزنیاک]]></category>\n		<category><![CDATA[اپل]]></category>\n		<category><![CDATA[رسوایی فیس بوک]]></category>\n		<category><![CDATA[فروش اطلاعات]]></category>\n		<category><![CDATA[فیس بوک]]></category>\n		<category><![CDATA[کمبریج آنالیتیکا]]></category>\n\n		<guid isPermaLink=\"false\">https://click.ir/?p=162257</guid>\n		<description><![CDATA[<p>رسانه کلیک  &#8211; رسوایی کمبریج آنالیتیکا دردسر جدیدی را برای فیس بوک ایجاد کرد. در جدیدترین اقدام یکی از بنیانگذاران اپل، استیو وزنیاک از این شبکه اجتماعی خداحافظی کرد. به علت رسوایی کمبریج آنالیتیکا یکی از افراد فعال در حوزه تکنولوژی از این شبکه اجتماعی خداحافظی کرد. یکی از بنیانگذاران اپل، استیو وزنیاک این موضوع را [&#8230;]</p>\n<p>نوشته <a rel=\"nofollow\" href=\"https://click.ir/1397/01/20/steve-wozniak-leaving-facebook/\">استیو وزنیاک از فیس بوک خداحافظی کرد؛ تبعات رسوایی کمبریج آنالیتیکا تمامی ندارد!</a> اولین بار در <a rel=\"nofollow\" href=\"https://click.ir\">رسانه کلیک</a> پدیدار شد.</p>\n]]></description>\n		<wfw:commentRss>https://click.ir/1397/01/20/steve-wozniak-leaving-facebook/feed/</wfw:commentRss>\n		<slash:comments>0</slash:comments>\n		</item>\n		<item>\n		<title>فیلترینگ اپلیکیشن تلگرام چه مزایا و معایبی دارد؟</title>\n		<link>https://click.ir/1397/01/20/telegram-filtering-pros-and-cons/</link>\n		<comments>https://click.ir/1397/01/20/telegram-filtering-pros-and-cons/#respond</comments>\n		<pubDate>Mon, 09 Apr 2018 14:18:35 +0000</pubDate>\n		<dc:creator><![CDATA[پارسا منش]]></dc:creator>\n				<category><![CDATA[شبکه‌های اجتماعی]]></category>\n		<category><![CDATA[فید]]></category>\n		<category><![CDATA[تلگرام]]></category>\n		<category><![CDATA[رفع فیلتر تلگرام]]></category>\n		<category><![CDATA[شورای عالی فضای مجازی]]></category>\n		<category><![CDATA[فیلترینگ تلگرام]]></category>\n		<category><![CDATA[پیام رسان های ایرانی]]></category>\n		<category><![CDATA[پیام رسان های داخلی]]></category>\n\n		<guid isPermaLink=\"false\">https://click.ir/?p=162244</guid>\n		<description><![CDATA[<p>رسانه کلیک &#8211; شورای مرکزی سازمان نظام صنفی رایانه‌ ای با ارسال نامه‌ ای به دبیر شورای عالی فضای مجازی، پیشنهادها و راهکارهای خود درباره فیلترینگ اپلیکیشن تلگرام و جایگزینی آن با پیام رسان های داخلی را، اعلام کرد. به گزارش کلیک به نقل از مهر؛ با توجه به زمزمه های اخیر در خصوص فیلترینگ اپلیکیشن [&#8230;]</p>\n<p>نوشته <a rel=\"nofollow\" href=\"https://click.ir/1397/01/20/telegram-filtering-pros-and-cons/\">فیلترینگ اپلیکیشن تلگرام چه مزایا و معایبی دارد؟</a> اولین بار در <a rel=\"nofollow\" href=\"https://click.ir\">رسانه کلیک</a> پدیدار شد.</p>\n]]></description>\n		<wfw:commentRss>https://click.ir/1397/01/20/telegram-filtering-pros-and-cons/feed/</wfw:commentRss>\n		<slash:comments>0</slash:comments>\n		</item>\n		<item>\n		<title>مارک زاکربرگ رسوایی کمبریج آنالیتیکا را گردن گرفت/ هنوز هم در فیس بوک بهترین هستم!</title>\n		<link>https://click.ir/1397/01/20/mark-zuckerberg-facebook-scandal/</link>\n		<comments>https://click.ir/1397/01/20/mark-zuckerberg-facebook-scandal/#respond</comments>\n		<pubDate>Mon, 09 Apr 2018 13:30:01 +0000</pubDate>\n		<dc:creator><![CDATA[مهدی ده نبی]]></dc:creator>\n				<category><![CDATA[شبکه‌های اجتماعی]]></category>\n		<category><![CDATA[فید]]></category>\n		<category><![CDATA[Cambridge Analytica]]></category>\n		<category><![CDATA[Facebook]]></category>\n		<category><![CDATA[رسوایی فیسبوک]]></category>\n		<category><![CDATA[فیس بوک]]></category>\n		<category><![CDATA[مارک زاکربرگ]]></category>\n		<category><![CDATA[ویژه]]></category>\n		<category><![CDATA[کمبریج آنالیتیکا]]></category>\n\n		<guid isPermaLink=\"false\">https://click.ir/?p=162207</guid>\n		<description><![CDATA[<p>رسانه کلیک &#8211; طبق اخبار جدیدی که توسط رسانه ها نقل شده، موسس و مدیر کل فیس بوک به تازگی مسئولیت رسوایی کمبریج آنالیتیکا را شخصا به عهده گرفته است. مارک زاکربرگ مدیر عامل فیس بوک مانند دیگر انسان ها به اشتباه دچار می شود، اما اشتباهی که در موسسه فیس بوک پیش آمده، عواقب [&#8230;]</p>\n<p>نوشته <a rel=\"nofollow\" href=\"https://click.ir/1397/01/20/mark-zuckerberg-facebook-scandal/\">مارک زاکربرگ رسوایی کمبریج آنالیتیکا را گردن گرفت/ هنوز هم در فیس بوک بهترین هستم!</a> اولین بار در <a rel=\"nofollow\" href=\"https://click.ir\">رسانه کلیک</a> پدیدار شد.</p>\n]]></description>\n		<wfw:commentRss>https://click.ir/1397/01/20/mark-zuckerberg-facebook-scandal/feed/</wfw:commentRss>\n		<slash:comments>0</slash:comments>\n		</item>\n	</channel>\n</rss>\n', '8', '8');
INSERT INTO `rsshistory` (`id`, `rss_id`, `body`, `version`, `latest_version`) VALUES
(3, 3, '﻿<?xml version=\"1.0\" encoding=\"utf-8\"?><rss version=\"2.0\"><channel><title>Fars News Agency</title><link>http://www.farsnews.com/</link><description>Fars News Agency (FNA) RSS service</description><language>Fa</language><image><url>http://www.farsnews.com/shares/img/PLogo.jpg</url><title>Fars News Agency</title><link>http://www.farsnews.com/</link><width>190</width><height>59</height><description>Fars News Agency (FNA) RSS service</description></image><copyright>Copyright 2018, Fars News Agency.</copyright><managingEditor>info@farsnews.ir</managingEditor><webMaster>morsali@farsnews.ir</webMaster><lastBuildDate>Mon, 9 Apr 2018 17:25:26</lastBuildDate><item><title>یک استاد دانشگاه درج نام خود در نامه هواداران احمدی‌نژاد به رهبری را تکذیب کرد</title><description>یک استاد دانشگاه ضمن تکذیب نام و مشخصات خود در نامه منتشره از سوی هواداران احمدی نژاد به رهبری، اینگونه رفتارها را ساختارشکنانه، فتنه‌گر و انحرافی دانست.</description><link>http://www.farsnews.com/13970120001233</link><pubDate>Mon, 9 Apr 2018 17:22:00</pubDate></item><item><title>گفت‌وگوهای ایران با اوراسیا برای پیوستن به اتحادیه گمرکی به نتیجه رسیده است</title><description>رئیس مجلس با اشاره به اینکه گفت‌وگوهای ایران با اوراسیا برای پیوستن به اتحادیه گمرکی تقریبا به نتیجه رسیده است، گفت: این موضوع احتمالا ظرف ماه‌های آینده انجام می‌شود.</description><link>http://www.farsnews.com/13970120001313</link><pubDate>Mon, 9 Apr 2018 17:15:00</pubDate></item><item><title>امیدوارم علی‌رغم کمبود آب در سال ۹۷ محصولات کشاورزی همانند سال ۹۶ یا بیشتر تولید شود</title><description>استاندار تهران اظهار امیدواری کرد علی‌رغم کمبود آب در سال ۹۷، محصولات کشاورزی همانند سال ۹۶ یا بیشتر تولید شود.</description><link>http://www.farsnews.com/13970120001242</link><pubDate>Mon, 9 Apr 2018 16:45:00</pubDate></item><item><title>تعرض به امنیت و حریم مردم در پیام‌ رسان‌های داخلی «حرام شرعی» است</title><description>حضرت آیت‌الله خامنه‌ای با ابراز خرسندی از تبدیل‌شدن مطالبه ایجاد پیام‌رسان‌ها و شبکه‌های اجتماعی داخلی به مطالبه‌ای عمومی گفتند: مسئولان باید امنیت و حریم داخلی مردم و کشور را حفظ کنند و تعرض به آن «حرام شرعی» است.</description><link>http://www.farsnews.com/13970120001142</link><pubDate>Mon, 9 Apr 2018 15:57:00</pubDate></item><item><title>برخورد قاطعانه و غیرمحافظه‌کارانه صیاد شیرازی در برابر دشمنان تبلور دائمی داشت</title><description>وزارت دفاع در بیانیه‌ای تاکید کرد: صلابت و برخورد قاطعانه و غیرمحافظه‌کارانه صیاد شیرازی در برابر دشمنان ملت ایران به ویژه دشمن بعثی، تروریست های تحت حمایت استکبار جهانی و نیز گروهک منفور و پلید منافقین در دفاع مقدس هشت ساله و پس از آن تبلور دائمی داشته است.</description><link>http://www.farsnews.com/13970120001152</link><pubDate>Mon, 9 Apr 2018 15:47:00</pubDate></item><item><title>خشت کجی که «محمدعلی نجفی» در تاسیس صندوق ذخیره فرهنگیان گذاشت</title><description>با توجه به بررسی‌های کارشناسی و تحقیقات حقوق‌دانان و گروه تحقیق و تفحص مجلس در گزارش از صندوق ذخیره فرهنگیان، اولین خشت کج، در بزرگترین تخلف مالی این صندوق توسط محمدعلی نجفی در زمان تاسیس صندوق گذاشته شده است.</description><link>http://www.farsnews.com/13970120001041</link><pubDate>Mon, 9 Apr 2018 14:53:00</pubDate></item><item><title>قبول داریم وضعیت خوبی نیست و برخلاف میل ماست/ باید سیاست‌های‌مان را تغییر دهیم</title><description>سخنگوی دولت گفت: [نرخ ارز در] وضعیت خوبی نیست و برخلاف میل ماست. این عدم تعادل نشان می‌دهد شرایط ما تغییر کرده و ما باید سیاست‌های‌مان را تغییر دهیم.</description><link>http://www.farsnews.com/13970120000952</link><pubDate>Mon, 9 Apr 2018 14:20:00</pubDate></item><item><title>نخواهیم گذاشت ثبات اقتصاد کشور با شوک‌های بیرونی و فضاسازی داخلی آسیب بیند/ نیازمند اقدامات جدّی تری در اقتصاد هستیم</title><description>معاون اوّل رئیس جمهور با بیان اینکه ثبات اقتصادی یکی از مهمترین دستاوردهای اقتصادی دولت و نظام است، گفت: نخواهیم گذاشت با شوک های بیرونی و فضاسازی داخلی این دستاورد مهم کشور آسیب ببیند.</description><link>http://www.farsnews.com/13970120000953</link><pubDate>Mon, 9 Apr 2018 14:16:00</pubDate></item><item><title>نشستی با موضوع همکاری میان استان‌های ایران و روسیه در ولگاگراد برگزار خواهد شد</title><description>ویچسلاو والودین با تاکید بر اهمیت روابط میان استان‌های ایران و روسیه از برگزاری نشستی در این باره در استان ولگاگراد در آینده خبر داد.</description><link>http://www.farsnews.com/13970120000742</link><pubDate>Mon, 9 Apr 2018 13:09:00</pubDate></item><item><title>رهبر انقلاب: از مشتری‌های همیشگی روایت فتح بودم/ صدایی که بزرگترین حرف‌ها را می‌زد خودش هم معتقد بود</title><description>رهبر انقلاب درباره شهید آوینی گفته بودند: من تا مدّتها که روایت فتح پخش می‌شد، اصلاً شهید آوینی را نمی‌شناختم؛ ولی از مشتری‌های همیشگی روایت فتح بودم، یعنی هر شب جمعه، حتماً می‌نشستم و این برنامه را نگاه می‌کردم.</description><link>http://www.farsnews.com/13970120000811</link><pubDate>Mon, 9 Apr 2018 13:08:00</pubDate></item><item><title>غنی‌سازی ۲۰ درصدی را طی ۲ روز هم می‌توانیم انجام دهیم</title><description>سخنگوی سازمان انرژی اتمی با تأیید امکان غنی‌سازی ۲۰ درصدی طی ۴ روز گفت: ما می‌توانیم این غنی‌سازی را در ۲ روز هم انجام دهیم.</description><link>http://www.farsnews.com/13970120000803</link><pubDate>Mon, 9 Apr 2018 13:07:00</pubDate></item><item><title>کمیته مشترک پارلمانی همکاری‌های ایران و روسیه را توسعه می‌دهد</title><description>رئیس مجلس شورای اسلامی تشکیل کمیته مشترک پارلمانی ایران و روسیه تنوع همکاری‌های دو کشور در زمینه‌های تجاری و سیاسی را توسعه می‌دهد.</description><link>http://www.farsnews.com/13970120000732</link><pubDate>Mon, 9 Apr 2018 13:06:00</pubDate></item><item><title>یادداشت تفاهم پارلمانی میان ایران و روسیه امضاء شد</title><description>امروز دوشنبه ۲۰ فروردین یادداشت تفاهم پارلمانی میان علی لاریجانی رئیس مجلس شورای اسلامی و ویا چسلاووالودین رئیس دومای دولتی روسیه که به ایران سفر کرده است امضاء شد.</description><link>http://www.farsnews.com/13970120000708</link><pubDate>Mon, 9 Apr 2018 13:04:00</pubDate></item><item><title>رعایت حریم شخصی در پیام‌رسان های داخلی/ به‌دنبال رقابت بین‌المللی در حوزه فضای مجازی هستیم</title><description>وزیر ارتباطات و فناوری اطلاعات با اشاره به نحوه حمایت این وزارتخانه از پیام‌رسان‌های داخلی گفت: تا کنون ۵ میلیاردتومان تسهیلات و پهنای باندی بیش از تلگرام در اختیار پیام‌رسان‌های داخلی قرار داده‌ایم.</description><link>http://www.farsnews.com/13970120000756</link><pubDate>Mon, 9 Apr 2018 12:45:00</pubDate></item><item><title>کسانی که جمهوری اسلامی را متهم به «سلطه‌جویی منطقه‌ای» می‌کنند از خانواده شهدای مدافع حرم عذرخواهی کنند</title><description>عضو مجمع تشخیص مصلحت نظام گفت: کسانی که جمهوری اسلامی را همنوا با آمریکا و اسلام آمریکایی متهم به «سلطه جویی منطقه‌ای» می‌کنند باید استغفار و از خانواده شهدای حرم عذرخواهی کنند.</description><link>http://www.farsnews.com/13970120000749</link><pubDate>Mon, 9 Apr 2018 12:43:00</pubDate></item><item><title>در تلگرام فعالیت اقتصادی خاصی صورت نمی گیرد/ در تلاشیم تا جایگزین‌هایی برای تلگرام داشته باشیم</title><description>دبیر شورای عالی فضای مجازی گزارشی از عملکرد تلگرام و نحوه جایگزینی پیام‌رسان بومی ارائه کرد.</description><link>http://www.farsnews.com/13970120000745</link><pubDate>Mon, 9 Apr 2018 12:40:00</pubDate></item><item><title>بررسی تهدیدها و فرصت‌های تلگرام در کمیسیون مشترک امنیت و اقتصاد مجلس</title><description>سخنگوی کمیسیون امنیت ملی مجلس، گفت: تهدیدها و فرصت‌های تلگرام در کمیسیون مشترک امنیت ملی و اقتصادی مورد بررسی قرار گرفت.</description><link>http://www.farsnews.com/13970120000719</link><pubDate>Mon, 9 Apr 2018 12:36:00</pubDate></item><item><title>تأیید ۵ شبکه پیام رسان داخلی توسط وزارت ارتباطات</title><description>رئیس کمیسیون امنیت ملی از بروز شبهات سازمان یافته علیه پیام‌رسان‌های داخلی انتقاد کرد.</description><link>http://www.farsnews.com/13970120000722</link><pubDate>Mon, 9 Apr 2018 12:34:00</pubDate></item><item><title>واردات اقتصاد کشور را بیچاره کرد/ درآمد 11 هزار میلیارد تومانی دولت از محل افزایش قیمت ارز در سال 96</title><description>عضو فراکسیون مستقلان ولایی مجلس گفت: دولت از محل افزایش قیمت ارز در سال 96، 11 هزار میلیارد تومان درآمد داشته و طبق گفته سخنگوی دولت اگر این میزان درآمد نبود پیش‌بینی‌های لایحه بودجه در خصوص منابع آن در سال 96 محقق نمی‌شد.</description><link>http://www.farsnews.com/13970120000562</link><pubDate>Mon, 9 Apr 2018 12:20:00</pubDate></item><item><title>از انتقاد تشکل‌های دانشجویی به نامه حامیان جریان انحرافی تا افزایش قیمت دلار و سکوت رئیس‌جمهور</title><description>افزایش قیمت دلار، پخش سریال پایتخت 5 و نامه تعدادی از فعالان دانشجویی سابق در حمایت از جریان انحرافی‌ از مسائلی بود که در روزهای اخیر واکنش‌های زیادی را در فضای مجازی از سوی دانشگاهیان به خود اختصاص داد.</description><link>http://www.farsnews.com/13970120000560</link><pubDate>Mon, 9 Apr 2018 12:16:00</pubDate></item><item><title>دو میلیارد تومان به‌عنوان یارانه احزاب اختصاص یافت/ تمام احزاب تا 14 خرداد شرایط خود را با قانون جدید تطبیق دهند</title><description>دبیرکمیسیون ماده 10 احزاب از تخصیص دو میلیارد تومان به‌عنوان یارانه احزاب خبر داد و گفت: تمام احزاب پروانه‌دار که تاکنون در جهت تطبیق با قانون احزاب اعلام موضع نکرده‌اند باید تا 14 خرداد شرایط خود را با قانون جدید تطبیق دهند.</description><link>http://www.farsnews.com/13970120000641</link><pubDate>Mon, 9 Apr 2018 12:00:00</pubDate></item><item><title>رفتارهای خودخواهانه و خلاف قانون جنابعالی تداعی‌کننده قبیله‌گرایی حاد سیاسی است/ تفاوت غائله بقایی با رحیمی دقیقا چیست؟</title><description>جمعی از دانشجویان دانشگاه علامه طباطبائی طی نامه‌ای خطاب به احمدی نژاد از اقدامات وی گلایه کردند و نوشتند: رفتارهای خودخواهانه و خلاف قانون جنابعالی تداعی کننده قبیله گرایی حاد سیاسی است و شما خود به بخشی از مشکل تبدیل شده اید.</description><link>http://www.farsnews.com/13970120000500</link><pubDate>Mon, 9 Apr 2018 11:54:00</pubDate></item><item><title>مسئولیت کمیته‌های رسانه، سیاسی و اقشار جبهه مردمی مشخص شد/ برگزاری نشست دبیران استانی پیش از آغاز ماه مبارک رمضان</title><description>عضو هیأت رئیسه جبهه مردمی نیروهای انقلاب اسلامی از انتصاب سید محمد حسینی به عنوان مسئول کمیته رسانه و مهدی محمدی به عنوان ریاست کمیته سیاسی جبهه مردمی خبر داد و گفت: برنامه اجرایی جمنا درباره اهداف و رویکردها تدوین و نهایی شد.</description><link>http://www.farsnews.com/13970120000546</link><pubDate>Mon, 9 Apr 2018 11:47:00</pubDate></item><item><title>فیلم/ روحانی: می‌گویند تازه فهمیدیم در برجام سرمان کلاه رفته است/ ساختمان برجام در برابر زلزله 10 ریشتری هم مقاوم بوده است</title><description>رئیس‌جمهور کشورمان در سخنرانی خود در روز ملی فناوری هسته‌ای با اشاره به تلاش 15 ماهه رئیس‌جمهور آمریکا برای برهم زدن برجام اذعان داشت که ساختمان برجام آن‌قدر محکم بوده است که حتی با زلزله 10 ریشتری هم پابرجاست.</description><link>http://www.farsnews.com/13970120000553</link><pubDate>Mon, 9 Apr 2018 11:37:51</pubDate></item><item><title>رئیس دومای دولتی روسیه با رئیس مجلس شورای اسلامی دیدار کرد</title><description>ویچسلاو والودین در ساختمان مشروطه مجلس با علی لاریجانی دیدار و گفت‌وگو کرد.</description><link>http://www.farsnews.com/13970120000519</link><pubDate>Mon, 9 Apr 2018 11:25:00</pubDate></item><item><title>ترکیه به تمامیت ارضی و حاکمیت ملی سوریه احترام بگذارد/ داعش نمی تواند مانند سوریه و عراق در افغانستان رشد کند</title><description>وزیر دفاع و پشتیبانی نیروهای مسلح گفت: امیدوار هستم برادران ترکیه ای ما به تمامیت ارضی و حاکمیت ملی سوریه احترام بگذارند. کشورهایی که بدون هماهنگی با دولت سوریه وارد این کشور شده اند، باید خاک این کشور را ترک کنند.</description><link>http://www.farsnews.com/13970120000531</link><pubDate>Mon, 9 Apr 2018 11:24:00</pubDate></item><item><title>شایعه پرواز هواپیماهای خارجی در آسمان ارزش پاسخگویی نداشت/ هواپیمایی بخواهد نزدیک شود پاسخ کوبنده خواهیم داد</title><description>فرمانده قرارگاه پدافند هوایی گفت: در روزهای گذشته یاوه گویی‌هایی از برخی از رسانه‌های دشمنان در خصوص پرواز هواپیماهایی در کشور شنیده شد که ارزش پاسخگویی نداشت اما همینجا می گویم که اگر کشوری حماقتی انجام دهد و هواپیمایش نزدیک شود قطعا پدافند هوایی پاسخ کوبنده می‌دهد.</description><link>http://www.farsnews.com/13970120000495</link><pubDate>Mon, 9 Apr 2018 11:16:00</pubDate></item><item><title>مراقب باشیم عدم خرید کالای خارجی موجب افزایش قیمت محصولات ایرانی نشود</title><description>در بیانیه جامعه اسلامی کارگران آمده است:  کیفیت کالای تولیدی نه تنها در حد استاندارد ملی، بلکه در حد استانداردهای جهانی تولید شوند که خریداران داخلی و همچنین خارجی را نیز مشتاق خرید کالاهای ایرانی کند.</description><link>http://www.farsnews.com/13970120000489</link><pubDate>Mon, 9 Apr 2018 11:12:00</pubDate></item><item><title>باید تهدیدهای دشمن را جدی گرفت/ لزوم اشراف اطلاعاتی، اجتناب از غافلگیری و توسعه و تعمیق قدرت دفاعی</title><description>فرمانده قرارگاه مرکزی خاتم الانبیاء(ص) گفت: باید تهدیدهای دشمن را جدی بگیرید و با برخورداری از اشراف اطلاعاتی، اجتناب از غافلگیری و توسعه و تعمیق قدرت دفاعی آمادگی صد در صدی خود را حفظ کنید.</description><link>http://www.farsnews.com/13970120000477</link><pubDate>Mon, 9 Apr 2018 11:06:00</pubDate></item><item><title>دستاوردهای امروز برای کسانی که بدون دقّت حرف می‌زنند پیام روشنی دارد/اگر پیمان بشکنند کمتر از یک‌هفته نتایجش را خواهند دید</title><description>رئیس جمهور با اشاره به دستاوردهای رونمایی شده در مراسم روز ملّی فناوری هسته‌ای گفت: این دستاوردها، برای برخی از دوستانی که گاهی بدون دقّت حرف می‌زنند بسیار پیام روشنی دارد.</description><link>http://www.farsnews.com/13970120000452</link><pubDate>Mon, 9 Apr 2018 11:05:00</pubDate></item><item><title>وزیر صنعت درباره حمایت از تولید داخلی ماهانه به مجلس گزارش دهد</title><description>رئیس مجلس شورای اسلامی گفت: وزیر صنعت و کمیسیون حمایت از تولید ملی باید ماهانه گزارشی درباره حمایت از تولید داخل به مجلس ارائه دهند.</description><link>http://www.farsnews.com/13970120000343</link><pubDate>Mon, 9 Apr 2018 10:09:00</pubDate></item><item><title>هیچ توجیهی برای حمایت از فعالیت تلگرام وجود ندارد/ جوانان مستعد توانایی برطرف‌کردن نیاز کشور در عرصه پیام‌رسانی را دارند</title><description>جمعیت ایثارگران انقلاب اسلامی تاکید کرده است: در شرایطی که جمع زیادی از جوانان مستعد کشور توانایی برطرف کردن نیاز کشور در عرصه پیام‌رسانی را دارند، توجیهی برای حمایت علنی و پشت پرده از فعالیت تلگرام وجود ندارد.</description><link>http://www.farsnews.com/13970120000242</link><pubDate>Mon, 9 Apr 2018 09:49:00</pubDate></item><item><title>مالیات بر ارزش افزوده از مشکلات تولیدکنندگان است</title><description>وزیر صنعت یکی از مشکلات امروز تولیدکنندگان را مالیات بر ارزش افزوده خواند و گفت: تقاضای تولیدکنندگان این است که تنها از مصرف کننده نهایی مالیات اخذ شود.</description><link>http://www.farsnews.com/13970120000231</link><pubDate>Mon, 9 Apr 2018 09:34:00</pubDate></item><item><title>شریک کردن شرکت‌های خارجی‌ در پروژه‌ها برای یادگیری کیفیت و زمانبندی از آنهاست</title><description>وزیر نفت گفت: در پروژه‌های آی‌پی‌سی شرکت‌های خارجی را حداقل 30 درصد شریک می‌کنیم تا کیفیت و زمانبندی را از آنان یاد بگیریم.</description><link>http://www.farsnews.com/13970120000141</link><pubDate>Mon, 9 Apr 2018 08:51:00</pubDate></item><item><title>گزارش دبیرکل حزب کار از 5 میلیون بیکار/ انتظار اصلاح‌طلبان از کابینه دوازدهم در سال 96</title><description>دبیرکل حزب اصلاح‌طلب کار در سال 96 گفته بود: طبق اعلام مراکز رسمی بیش از 5 میلیون بیکار داریم که 400 هزار واحد صنعتی دچار مشکل است و خبرهای خوبی در این زمینه نیست.</description><link>http://www.farsnews.com/13961218000560</link><pubDate>Mon, 9 Apr 2018 08:30:00</pubDate></item><item><title>تصاویر صفحه نخست روزنامه‌های امروز کشور</title><description>افسار گسیختگی دلار؛ «پایتخت» در پایان خوش درخشید؛ سخنان رهبری در دیدار جمعی از فرماندهان ارشد نیروهای مسلح؛  اعترافات دیرهنگام ظریف و «مسلمان» در دوراهی اصفهان - تهران؛ از جمله عناوین صفحه اول روزنامه‌های امروز کشورند.</description><link>http://www.farsnews.com/13970119001642</link><pubDate>Mon, 9 Apr 2018 02:51:00</pubDate></item><item><title>فیلم/ آیت‌الله‌ موحدی‌کرمانی: حقوقم حدود 5 میلیون تومان است/ سردار اشتری هیچ نسبت فامیلی با من ندارد</title><description>آیت‌الله موحدی کرمانی عضو مجلس خبرگان رهبری و عضو مجمع تشخیص مصلحت نظام به سوالات خبرنگار صوت و تصویر فارس پاسخ داد.</description><link>http://www.farsnews.com/13961214001283</link><pubDate>Mon, 9 Apr 2018 00:21:00</pubDate></item><item><title>سهام دولت در شرکت‌ها؛ پشتوانه انتشار اوراق بهادار اسلامی</title><description>دولت به وزارت اقتصاد اجازه داد از سهام دولت در شرکت‌ها، به‌عنوان پشتوانه انتشار اوراق بهادار اسلامی (صکوک) استفاده کند.</description><link>http://www.farsnews.com/13970119001596</link><pubDate>Sun, 8 Apr 2018 21:02:00</pubDate></item><item><title>نشست غیر علنی مجلس برای بررسی «آب» و «ارز» دز سه‌شنبه و چهارشنبه</title><description>سخنگوی هیأت رئیسه مجلس از نشست غیرعلنی  پارلمان برای بررسی مشکلات ارز و آب در هفته جاری خبر داد.</description><link>http://www.farsnews.com/13970119001525</link><pubDate>Sun, 8 Apr 2018 19:58:00</pubDate></item><item><title>علت افزایش حملات دشمنان احساس خطر آنان از قدرت فزاینده ایران است</title><description>حضرت آیت‌الله خامنه‌ای دوران کنونی را دوران عزت جمهوری اسلامی ایران دانستند و تأکید کردند: علت تهاجم‌های بی‌سابقه کنونی بر ضد نظام اسلامی، قدرت روزافزون این نظام است زیرا دشمنان از این قدرت فزاینده به‌شدت احساس خطر کرده‌اند.</description><link>http://www.farsnews.com/13970119001511</link><pubDate>Sun, 8 Apr 2018 19:46:00</pubDate></item><item><title>علوی: اگر رسانه‌ای به آبروی شخصی تعدّی کرد باید از او دفاع کنیم</title><description>وزیر اطلاعات گفت: مردم از نظر اسلام حق داشتن امنیت جانی، مالی و اقتصادی آبرو و حیثیت دارند و اگر رسانه ای به آبروی شخصی تعدّی کرد باید از او دفاع کنیم.</description><link>http://www.farsnews.com/13970119001450</link><pubDate>Sun, 8 Apr 2018 19:03:00</pubDate></item><item><title>20 درصد احکام بودجه 95 رعایت نشده و 65 درصد ابتر مانده است</title><description>محمدمهدی مفتح گفت: 20 درصد احکام بودجه 95 رعایت نشده و 65 درصد برخی احکام ابتر مانده و 19 درصد اهداف قانون‌گذار تامین نشده است.</description><link>http://www.farsnews.com/13970119001431</link><pubDate>Sun, 8 Apr 2018 18:46:00</pubDate></item><item><title>کلیات لایحه حمایت از کودکان و نوجوانان در کمیسیون بهداشت تصویب شد</title><description>سخنگوی کمیسیون بهداشت مجلس گفت: کلیات لایحه حمایت از کودکان و نوجوانان در نشست امروز کمیسیون تصویب شد.</description><link>http://www.farsnews.com/13970119001411</link><pubDate>Sun, 8 Apr 2018 18:27:00</pubDate></item><item><title>امنیت پیام‌رسان‌های داخلی بیش از نرم‌افزارهای خارجی است</title><description>سخنگوی کمیسیون امنیت ملی مجلس گفت: رئیس کمیسیون تصریح کرده است که امنیت پیام‌رسان‌های داخلی بیشتر از پیام‌رسان‌های خارجی است.</description><link>http://www.farsnews.com/13970119001378</link><pubDate>Sun, 8 Apr 2018 18:12:00</pubDate></item><item><title>«انحصار» مانع اصلی پیشرفت و سد راه تولید کالای ایرانی است</title><description>دبیر مجمع تشخیص مصلحت نظام تأکید کرد: فرقی نمی‌کند دولتی باشد، عمومی یا خصوصی؛ «انحصار»، مانع اصلی پیشرفت، ضد تولید و سد راه کالای ایرانی است.</description><link>http://www.farsnews.com/13970119001353</link><pubDate>Sun, 8 Apr 2018 17:33:00</pubDate></item><item><title>آملی‌لاریجانی: بنای پاسخگویی به اظهارات احمدی‌نژاد را ندارم</title><description>عضو کمیسیون قضایی مجلس گفت: رئیس قوه قضائیه ضمن تکذیب اظهارات رئیس‌جمهور پیشین درباره اموال و دارایی‌هایش عنوان کرد که بنای پاسخگویی به اظهارات احمدی‌نژاد را ندارم.</description><link>http://www.farsnews.com/13970119001330</link><pubDate>Sun, 8 Apr 2018 17:32:00</pubDate></item><item><title>گزارش عملکرد صندوق‌های بیمه‌ای به کمیسیون اجتماعی/ صدور یک میلیون نسخه درمان توسط سازمان تأمین اجتماعی در سال گذشته</title><description>رئیس کمیسیون اجتماعی مجلس گفت: سازمان تأمین اجتماعی در گزارش خود عنوان کرده سال گذشته در این سازمان یک میلیون نسخه درمانی به صورت الکترونیک برای بیماران صادر شده است.</description><link>http://www.farsnews.com/13970119001299</link><pubDate>Sun, 8 Apr 2018 17:07:00</pubDate></item><item><title>نرخ بیکاری و اشتغال مهمترین شاخص های ارزیابی عملکرد استان‌ها در سال 1397 خواهد بود</title><description>معاون اقتصادی وزیر کشور گفت: موضوع نرخ بیکاری و اشتغال از مهمترین شاخص های ارزیابی عملکرد استان ها در سال 1397 خواهد بود و این شاخص ها به استناد داده های مرکز آمار ایران، بصورت فصلی مورد بررسی قرار خواهد گرفت.</description><link>http://www.farsnews.com/13970119001242</link><pubDate>Sun, 8 Apr 2018 16:59:00</pubDate></item><item><title>تعیین تکلیف طرح‌ها و لوایح باقی‌مانده از سال گذشته اولویت اصلی کمیسیون فرهنگی در سال جدید</title><description>نایب رئیس کمیسیون فرهنگی مجلس، گفت: تعیین تکلیف طرح‌ها و لوایح باقی‌مانده از قبل اولویت کاری اعضای کمیسیون فرهنگی در سال جدید است و همچنین کمیسیون دعوت از وزرا و رؤسای سازمان‌های مرتبط با حوزه فرهنگی را برای ارائه برنامه‌هایشان در جهت تحقق شعار سال  در دستور کار خود دارد.</description><link>http://www.farsnews.com/13970119001267</link><pubDate>Sun, 8 Apr 2018 16:51:00</pubDate></item><item><title>قدردانی اتحادیه انجمن‌های اسلامی دانشجویان مستقل از رای دادگاه تونس در قبال رژیم‌ صهیونیستی</title><description>اتحادیه انجمن‌های اسلامی دانشجویان مستقل با ارسال نامه‌ای به سفارت تونس از رای دادگاه این کشور در قبال رژیم صهیونیستی حمایت و قدردانی کرد.</description><link>http://www.farsnews.com/13970119001246</link><pubDate>Sun, 8 Apr 2018 16:48:00</pubDate></item></channel></rss>', '79', '79'),
(4, 5, '﻿<?xml version=\"1.0\" encoding=\"utf-8\"?><rss version=\"2.0\"><channel><title>Fars News Agency</title><link>http://www.farsnews.com/</link><description>Fars News Agency (FNA) RSS service</description><language>Fa</language><image><url>http://www.farsnews.com/shares/img/PLogo.jpg</url><title>Fars News Agency</title><link>http://www.farsnews.com/</link><width>190</width><height>59</height><description>Fars News Agency (FNA) RSS service</description></image><copyright>Copyright 2018, Fars News Agency.</copyright><managingEditor>info@farsnews.ir</managingEditor><webMaster>morsali@farsnews.ir</webMaster><lastBuildDate>Mon, 9 Apr 2018 17:24:25</lastBuildDate><item><title>شاگردان برانکو متنوع کار کردند/ اعتراض هواداران جواب داد</title><description>تمرین امروز تیم فوتبال پرسپولیس با مرور کارهای تاکتیکی و تمرینات متنوع برگزار شد.</description><link>http://www.farsnews.com/13970120001307</link><pubDate>Mon, 9 Apr 2018 17:15:45</pubDate></item><item><title>فیلم/9 گل فراموش نشدنی شماره 9 اتلتیکو</title><description>9 گل فراموش نشده شماره 9 اتلتیکو مادرید را به بهانه وداع النینیو از این تیم در پایان فصل مشاهده کنید.</description><link>http://www.farsnews.com/13970120001305</link><pubDate>Mon, 9 Apr 2018 17:07:15</pubDate></item><item><title>ال نینیو پایان فصل ویسنته کالدرون را ترک می‌کند</title><description>مهاجم اسپانیایی اتلتیکو مادرید اعلام کرد که در پایان فصل تیم مادریدی را ترک خواهد کرد.</description><link>http://www.farsnews.com/13970120001293</link><pubDate>Mon, 9 Apr 2018 17:01:05</pubDate></item><item><title>داورزنی: بعید می‌دانم کار به مجمع سوم فدراسیون کشتی کشیده شود/ خودم  با خادم تماس خواهم گرفت تا به او تکلیف کنم برگردد</title><description>معاون ورزش حرفه‌ای و قهرمانی وزارت ورزش و جوانان گفت: بعید می‌دانم با تعیین تکلیف اعضای مجمع کار به برگزاری مجمع سوم کشیده شود.</description><link>http://www.farsnews.com/13970120001286</link><pubDate>Mon, 9 Apr 2018 16:56:40</pubDate></item><item><title>مهناز افشار صدای استقلالی‌ها شد</title><description>مهناز افشار بازیگر سرشناس سینمای ایران به فیلم «آبی به رنگ آسمان» پیوست و قرار شد راوی فیلمی باشد که در مورد تاریخ باشگاه استقلال است.</description><link>http://www.farsnews.com/13970120001048</link><pubDate>Mon, 9 Apr 2018 16:49:53</pubDate></item><item><title>داور اسکاتلندی قاضی بازی بایرن  - سویا/ داور انگلیسی بازی رئال- یووه را سوت می‌زند</title><description>داوران دو دیدار روز سه‌شنبه در دور برگشت مرحله یک‌چهارم نهایی لیگ قهرمانان اروپا معرفی شدند.</description><link>http://www.farsnews.com/13970120001268</link><pubDate>Mon, 9 Apr 2018 16:49:21</pubDate></item><item><title>تصاویر و فیلم حضور وکیل بیرانوند برای توقیف اموال باشگاه نفت</title><description>وکیل دروازه‌بان سابق تیم فوتبال نفت تهران برای توقیف اموال این باشگاه امروز راهی محل تمرین این تیم شد.</description><link>http://www.farsnews.com/13970120001250</link><pubDate>Mon, 9 Apr 2018 16:44:51</pubDate></item><item><title>حسینی: شرایط تیم بهتر شده، قهرمان شده‌ایم ولی فشار زیاد است/هواداران پرسپولیس را از نظر روانی و انگیزه تیمار کنند</title><description>کاپیتان تیم فوتبال پرسپولیس گفت: دو قهرمانی پیاپی حاصل کار همه تیم است. نباید در حق بعضی بچه‌ها اجحاف شود. آقای گرشاسبی هم زیاد تلاش می‌کند. شرایط هم بهتر شده است، رکورد سال قبل را هم زده‌ایم ولی باز فشارها زیاد است و هواداران باید کمک کنند.</description><link>http://www.farsnews.com/13970120001253</link><pubDate>Mon, 9 Apr 2018 16:43:51</pubDate></item><item><title>کنفدراسیون آسیا 15 داور را معرفی کرد</title><description>کنفدراسیون والیبال آسیا (AVC) پانزده داور را برای قضاوت در رقابت‌های قهرمانی نوجوانان آسیا در تبریز معرفی کرد.</description><link>http://www.farsnews.com/13970120001248</link><pubDate>Mon, 9 Apr 2018 16:42:46</pubDate></item><item><title>نمایندگان ایران به جمع هشت تیم برتر راه پیدا کردند</title><description>تیم ملی الف و ب والیبال ساحلی ایران با شکست نمایندگان ژاپن به عنوان صدرنشین گروه های سوم و چهارم به جمع هشت تیم برتر تور جهانی تایلند راه یافتند.</description><link>http://www.farsnews.com/13970120001245</link><pubDate>Mon, 9 Apr 2018 16:39:24</pubDate></item><item><title>رکورد منحصر به فرد بوفون در لیگ قهرمانان اروپا+عکس</title><description>دروازه‌بان اسطوره‌ای یوونتوس در پیکارهای لیگ قهرمانان اروپا رکورد منحصر به فردی را از خود به نمایش گذاشته است.</description><link>http://www.farsnews.com/13970120001238</link><pubDate>Mon, 9 Apr 2018 16:36:59</pubDate></item><item><title>محمد صلاح همه عناوین انفرادی را درو می‌کند+عکس</title><description>مهاجم مسلمان لیورپول با درخشش در ترکیب تیم‌هایی که به میدان رفته، عناوین انفرادی را درو می‌کند.</description><link>http://www.farsnews.com/13970120001215</link><pubDate>Mon, 9 Apr 2018 16:27:15</pubDate></item><item><title>ریاضی:‌ مانند مجمع قبلی با استعفای خادم مخالفت شد/ رئیس فدراسیون در این مدت غیبت نداشته است </title><description>رئیس هیأت کشتی خراسان رضوی گفت: تعدادی از اعضای مجمع مسئول مذاکره با رسول خادم برای بازگشت به فدراسیون شدند.</description><link>http://www.farsnews.com/13970120001214</link><pubDate>Mon, 9 Apr 2018 16:26:39</pubDate></item><item><title>بنی‌‌تمیم: مجمع فدراسیون کشتی خادم را مکلف به بازگشت به فدراسیون کرد/ امیدوارم سرپرستی من اتفاق نیفتد</title><description>نایب رئیس فدراسیون کشتی گفت: تمام اعضای مجمع متفق‌القول خادم را مکلف به بازگشت به فدراسیون کردند. </description><link>http://www.farsnews.com/13970120001213</link><pubDate>Mon, 9 Apr 2018 16:25:12</pubDate></item><item><title>26 فروردین، آخرین فرصت برای بازگشت رسول خادم</title><description>پس از بحث و بررسی های فراوان و صحبت اعضای مجمع در نهایت تصمیم گرفته شد تا به خادم برای بازگشت به فدراسیون کشتی مهلتی در نظر گرفته شود.</description><link>http://www.farsnews.com/13970120001205</link><pubDate>Mon, 9 Apr 2018 16:18:49</pubDate></item><item><title>دژاگه:می‌توانستم در انگلیس بمانم  اما امکانات اینجا هم خوب است/امیدوارم به جام جهانی برسم</title><description>کاپیتان تیم ملی فوتبال ایران گفت:کی‌روش و کارانکا با هم صحبت کرده اند و باشگاه ناتینگهام به خوبی می داند که حضور در جام جهانی تا چه حد برای من مهم است تا ان شاءالله بتوانم برای کمک به تیم ملی به مسابقات جام جهانی برسم.</description><link>http://www.farsnews.com/13970120001202</link><pubDate>Mon, 9 Apr 2018 16:17:35</pubDate></item><item><title> کاش اظهار نظر آدم‌های بزرگ به اندازه خودشان بزرگ بود/ این جواب لطف ذوب آهن نیست</title><description>باشگاه ذوب آهن نسبت به اظهارات بهداد سلیمی نسبت به عدم پرداخت مطالباتش پاسخ داد.\n\n</description><link>http://www.farsnews.com/13970120001176</link><pubDate>Mon, 9 Apr 2018 15:59:03</pubDate></item><item><title>اعتراض هواداران پرسپولیس به ماندن پشت درهای تمرین + عکس </title><description>هواداران تیم پرسپولیس که اجازه ورود به محل تمرین این تیم را نداشتند نسبت به این مسئله معترض بودند.</description><link>http://www.farsnews.com/13970120001175</link><pubDate>Mon, 9 Apr 2018 15:58:30</pubDate></item><item><title>کتاب شعر مدافع پرسپولیس اردیبهشت ماه منتشر خواهد شد+ عکس </title><description>مدافع تیم پرسپولیس همزمان با نمایشگاه بین المللی کتاب در تهران اولین کتاب شعر خود را رونمایی خواهد کرد. </description><link>http://www.farsnews.com/13970120001163</link><pubDate>Mon, 9 Apr 2018 15:55:00</pubDate></item><item><title>دهخدا: بلاتکلیفی کشتی منجر به تعلیق بین‌المللی خواهد شد</title><description>رئیس فدراسیون ورزش‌های دانشجویی گفت: تعلیق کشتی ایران زمینه ساز تعلیق ورزش ایران از سوی کمیته بین المللی المپیک خواهد شد </description><link>http://www.farsnews.com/13970120001154</link><pubDate>Mon, 9 Apr 2018 15:50:14</pubDate></item><item><title>محمدصلاح بازیکن برتر ماه مارس فوتبال انگلیس</title><description>مهاجم مصری تیم فوتبال لیورپول انگلیس برای چهارمین مرتبه به عنوان بازیکن ماه انتخاب شد.</description><link>http://www.farsnews.com/13970120001129</link><pubDate>Mon, 9 Apr 2018 15:39:29</pubDate></item><item><title>واریز بودجه یک میلیاردی به کشتی</title><description>معاون حرفه‌ای و قهرمانی وزارت ورزش از پرداخت یک میلیارد تومان به فدراسیون کشتی خبر داد.</description><link>http://www.farsnews.com/13970120001124</link><pubDate>Mon, 9 Apr 2018 15:36:45</pubDate></item><item><title>9 تکواندوکار کشورمان  به پرو دعوت شدند</title><description>با دعوت فدراسیون تکواندو پرو، 9 هوگوپوش و 2 مربی کشورمان ساعت 5:30 بامداد روز چهارشنبه (22 فروردین‌ماه) به منظور حضور در اردوی تمرینی این کشور راهی \"پرو\" می‌شوند.</description><link>http://www.farsnews.com/13970120001080</link><pubDate>Mon, 9 Apr 2018 15:30:59</pubDate></item><item><title>پرسپولیس و ذوب‌آهن ۹ پله صعود کردند؛ استقلال ۲۶ پله اوج گرفت</title><description>در جدید‌ترین رنکینگ تیم‌های برتر فوتبال جهان،پرسپولیس و ذوب‌آهن ۹ پله صعود کردند و استقلال تهران با صعود ۲۶ پله‌آی مواجه شد.</description><link>http://www.farsnews.com/13970120001066</link><pubDate>Mon, 9 Apr 2018 15:26:00</pubDate></item><item><title>صعود ۱۶ و ۲۷ پله‌ای برانکو و قلعه‌نویی در رنکینگ مربیان جهان</title><description>در جدید‌ترین رده‌بندی برترین مربیان جهان برانکو و قلعه‌نویی به ترتیب ۱۶ و ۲۷ پله صعود کردند.</description><link>http://www.farsnews.com/13970120001114</link><pubDate>Mon, 9 Apr 2018 15:25:28</pubDate></item><item><title>خادم به رای مجمع و نظر مردم احترام بگذارد</title><description>اعضای مجمع با انتشار نامه ای خطاب به وزیر ورزش و جوانان خواستار بازگشت رسول خادم شدند.</description><link>http://www.farsnews.com/13970120001079</link><pubDate>Mon, 9 Apr 2018 15:17:14</pubDate></item><item><title>داورزنی: ادامه بلاتکلیفی کشتی به صلاح ورزش ایران نیست/ علاقمند بودیم خادم به کار خود ادامه دهد</title><description>معاون حرفه‌ای و قهرمانی وزارت ورزش گفت: علاقمند بوديم رسول خادم به عنوان رياست فدراسيون كشتي به كار خود ادامه دهد </description><link>http://www.farsnews.com/13970120001071</link><pubDate>Mon, 9 Apr 2018 15:12:45</pubDate></item><item><title>نیک‌نفس: با این نوع پرداختی یک سال مجانی بازی کردم/ به هدفمان در این فصل رسیدیم</title><description>هافبک تیم فوتبال صنعت نفت آبادان، گفت: 50 درصد از فصل قبل طلب دارم و امسال هم 50 درصد دریافتی داشتم. با این شرایط در 2 سال اخیر یک سال مجانی بازی کردم.</description><link>http://www.farsnews.com/13970120001040</link><pubDate>Mon, 9 Apr 2018 15:03:57</pubDate></item><item><title>دیدار سیاه جامگان و سایپا ساعت ۱۶ آغاز می شود</title><description>مسابقه دو تیم سیاه جامگان و سایپا از هفته بیست و هشتم لیگ برتر ساعت ۱۶ آغاز می شود.‏</description><link>http://www.farsnews.com/13970120001017</link><pubDate>Mon, 9 Apr 2018 14:59:56</pubDate></item><item><title>درفشی‌پور: تنهایی را حس می‌کردم، اما قهرمان دنیا را شکست دادم/ برای رسیدن به مراکش سه هفته تمرین کردم</title><description>دارنده نشان طلای لیگ جهانی کاراته وان ترکیه گفت:  واقعاً تنهایی را در مراکش حس می‌کردم اما توانستم قهرمان دنیا و اروپا را شکست دهم.</description><link>http://www.farsnews.com/13970120001002</link><pubDate>Mon, 9 Apr 2018 14:58:19</pubDate></item><item><title>۴ ستاره مونیخی و دورتموندی در تیم منتخب هفته بوندس‌لیگا</title><description>۴ ستاره تیم‌های بایرن مونیخ و بورسیادورتموند به تیم منتخب هفته بیست و نهم بوندس‌لیگا راه یافتند.</description><link>http://www.farsnews.com/13970120001042</link><pubDate>Mon, 9 Apr 2018 14:52:53</pubDate></item><item><title>موراتا گزینه جانشینی مانژوکیچ در یوونتوس</title><description>احتمال دارد در پایان فصل جاری مهاجم اسپانیایی چلسی به یوونتوس بازگشته و جانشین سانترفوروارد کروات شود.</description><link>http://www.farsnews.com/13970120001021</link><pubDate>Mon, 9 Apr 2018 14:42:48</pubDate></item><item><title>رئیس دورتموند:دوران یکه‌تازی بایرن به پایان می‌رسد</title><description>رئیس زنبورها معتقد است دوران یکه‌تازی بایرن مونیخ در بوندس‌لیگا به پایان می‌رسد.</description><link>http://www.farsnews.com/13970120001016</link><pubDate>Mon, 9 Apr 2018 14:40:38</pubDate></item><item><title>6 بازیکن جدید به اردوی تیم ملی والیبال اضافه می‌شوند</title><description>تمرینات تیم ملی والیبال ایران از فردا (سه شنبه) با ورود شش بازیکن وارد فاز جدیدی می‌شود.\n\n</description><link>http://www.farsnews.com/13970120000997</link><pubDate>Mon, 9 Apr 2018 14:39:21</pubDate></item><item><title>خبرنگاران را به مجمع فدراسیون کشتی راه ندادند/ احتمال ماندن خادم بالا گرفت</title><description>مسئولان وزارت ورزش از ورود خبرنگاران به مجمع فدراسیون کشتی جلوگیری کردند. </description><link>http://www.farsnews.com/13970120001000</link><pubDate>Mon, 9 Apr 2018 14:37:40</pubDate></item><item><title>دومین پیروزی برای نماینده ایران/ ژاپنی‌ها زانو زدند</title><description>تیم ملی والیبال ساحلی الف ایران در دومین مسابقه خود در تور جهانی توانست تیم ژاپن را شکست دهد.</description><link>http://www.farsnews.com/13970120000990</link><pubDate>Mon, 9 Apr 2018 14:33:04</pubDate></item><item><title>فینال جام حذفی 13 اردیبهشت برگزار می شود/ تغییر برنامه دو هفته از لیگ دسته اول</title><description>مسئول مسابقات لیگ دسته اول اعلام کرد: برنامه دو هفته پایانی ‏لیگ دسته اول به دلیل برگزاری فینال جام حذفی تغییر کرد.‏</description><link>http://www.farsnews.com/13970120000930</link><pubDate>Mon, 9 Apr 2018 14:08:58</pubDate></item><item><title>بازگشت 4 ملی پوش و عکس یادگاری نوجوانان مدرسه فوتبال با شفر/بازگشت غفوری و اسماعیلی</title><description>تمرین امروز تیم فوتبال استقلال زیر نظر شفر و برای آماده سازی دیدار با گسترش فولاد تبریز برگزار شد.</description><link>http://www.farsnews.com/13970120000714</link><pubDate>Mon, 9 Apr 2018 13:56:41</pubDate></item><item><title>مناطق زلزله‌زده ژاپن میزبان مشعل المپیک خواهند بود/سفر 115 روزه مشعل قبل از شروع بازی‌ها</title><description>مشعل بازی‌های المپیک 2020 توکیو قرار است در شهرهای زلزله‌زده حمل شود.</description><link>http://www.farsnews.com/13970120000530</link><pubDate>Mon, 9 Apr 2018 13:54:51</pubDate></item><item><title>تیم بسکتبال بانوان نفت آبادان فردا راهی اردن می‌شود</title><description>با رایزنی‌های صورت گرفته مسئولان فدراسیون بسکتبال با تیم نفت، این تیم فردا راهی اردن می‌شود.</description><link>http://www.farsnews.com/13970120000884</link><pubDate>Mon, 9 Apr 2018 13:53:54</pubDate></item><item><title>افاضلی: برخی‌ها که قبلا نفت بوده اند بیرانوند را جلو انداخته‌اند/ من بلد نیستم از هری‌پاتر کمک بگیرم/وزارت نفت هم باید به عهد خود وفا کند</title><description>سرمربی تیم فوتبال نفت تهران گفت:اگر در صبا بودید و می دیدید  وقتی برای بازی آماده شدیم نماینده دادستان گفت لباس‌ها را در بیاورید! دیگر امروز چیزی برایتان عجیب نبود.</description><link>http://www.farsnews.com/13970120000730</link><pubDate>Mon, 9 Apr 2018 13:50:23</pubDate></item><item><title>دورتموند از صعود بارسلونا نفع می‌برد</title><description>راهیابی تیم فوتبال بارسلونا به مرحله نیمه نهایی باعث کسب درآمد برای زنبورهای آلمانی خواهد شد.</description><link>http://www.farsnews.com/13970120000896</link><pubDate>Mon, 9 Apr 2018 13:48:38</pubDate></item><item><title>هاینکس:زوله بهترین مدافع میانی اروپا می‌شود</title><description>سرمربی موفق بایرن مونیخ می‌گوید  ستاره ملی‌پوش خط دفاع تیمش، بهترین مدافع اروپا خواهد شد.</description><link>http://www.farsnews.com/13970120000880</link><pubDate>Mon, 9 Apr 2018 13:40:07</pubDate></item><item><title>گلر ملی‌پوش و برزیلی رم در رادار سن‌ژرمن</title><description>دروازه‌بان تیم فوتبال آ.اس رم ایتالیا ممکن است فصل بعد پیراهن پاری‌سن‌ژرمن را به تن کند.</description><link>http://www.farsnews.com/13970120000858</link><pubDate>Mon, 9 Apr 2018 13:31:31</pubDate></item><item><title>اموال توقیف شده را به دست امین اموال دادیم/ تا ۳ روز دیگر مطالبات را ندهند باز هم حکم توقیف اموال می‌گیریم</title><description>وکیل دروازه‌بان ملی‌پوش تیم پرسپولیس اعلام کرد این باشگاه برای پرداخت مطالبات بیرانوند تنها ۳ روز فرصت دارد وگرنه اموال دیگری توقیف خواهد شد.</description><link>http://www.farsnews.com/13970120000827</link><pubDate>Mon, 9 Apr 2018 13:28:05</pubDate></item><item><title>داوران دربی خوزستان در لیگ دسته دوم مورد ضرب و شتم قرار نگرفتند</title><description>مسئول مسابقات لیگ دسته دوم فوتبال گفت: داوران دربی حساس خوزستان در لیگ دسته دوم را بدون اینکه مشکلی برایشان ‏پیش بیاید قضاوت کردند و مورد ضرب و شتم قرار نگرفتند.‏</description><link>http://www.farsnews.com/13970120000831</link><pubDate>Mon, 9 Apr 2018 13:26:05</pubDate></item><item><title>قاسمی: طی 48 ساعت آینده با بیراوند  جلسه برگزار می شود/ نمی‌دانم چرا واگذاری انجام نمی‌گیرد</title><description>مدیر رسانه‌ای نفت تهران، گفت: طی 48 ساعت آینده با علیرضا بیرانوند و وکیل او برای حل این مشکل جلسه‌ای برگزار می‌شود.</description><link>http://www.farsnews.com/13970120000804</link><pubDate>Mon, 9 Apr 2018 13:14:56</pubDate></item><item><title>سرمربی جدید تیم ملی فوتبال ژاپن مشخص شد</title><description>رئیس فدراسیون فوتبال ژاپن، سرمربی جدید این تیم را معرفی کرد.</description><link>http://www.farsnews.com/13970120000789</link><pubDate>Mon, 9 Apr 2018 13:02:52</pubDate></item><item><title>14 رئیس فدراسیون برنامه‌های خود را در نشست شورای برون‌مرزی مطرح کردند</title><description>جلسه شورای برون‌مرزی امروز به ریاست داورزنی برگزار شد و روسای 14 فدراسیون برنامه‌های خود را ارائه کردند.</description><link>http://www.farsnews.com/13970120000747</link><pubDate>Mon, 9 Apr 2018 12:56:10</pubDate></item><item><title>درخشش شناگران ایران با کسب پنجمین ورودی المپیک جوانان</title><description>ملی پوشان شنای ایران روز سوم مسابقات انتخابی المپیک جوانان تایلند را با راه‌یابی به چهار فینال و یک رکورد ورودی B المپیک جوانان آغاز کردند.</description><link>http://www.farsnews.com/13970120000716</link><pubDate>Mon, 9 Apr 2018 12:32:08</pubDate></item></channel></rss>', '73', '73');

-- --------------------------------------------------------

--
-- Table structure for table `stores`
--

CREATE TABLE `stores` (
  `id` int(11) NOT NULL,
  `user_id` int(11) NOT NULL,
  `price` varchar(255) NOT NULL,
  `authority` varchar(255) NOT NULL,
  `refid` varchar(255) NOT NULL,
  `created_at` timestamp NULL DEFAULT NULL,
  `updated_at` timestamp NULL DEFAULT NULL
) ENGINE=InnoDB DEFAULT CHARSET=latin1;

-- --------------------------------------------------------

--
-- Table structure for table `tags`
--

CREATE TABLE `tags` (
  `id` int(10) UNSIGNED NOT NULL,
  `name` varchar(255) COLLATE utf8mb4_unicode_ci NOT NULL
) ENGINE=InnoDB DEFAULT CHARSET=utf8mb4 COLLATE=utf8mb4_unicode_ci;

--
-- Dumping data for table `tags`
--

INSERT INTO `tags` (`id`, `name`) VALUES
(1, 'honor,honor 10,آنر 10,تاریخ معرفی آنر 10,زمان رونمایی از آنر 10,دعوت نامه جدید هواوی,تایید رسمی تاریخ رونمایی از آنر 10,مشخصات فاش شده آنر 10'),
(2, 'Huawei'),
(3, 'honor'),
(4, 'کوچ از تلگرام,فیلتر تلگرام,تلگرام فیلتر می شود,شورای عالی فضای مجازی,فیروزآبادی'),
(5, 'تلگرام'),
(6, 'کاهش استرس,کاهش اضطراب,افزایش تمرکز,افزایش بهره وری,حفظ انرژي'),
(7, 'Productivity'),
(8, 'stress'),
(9, 'تلگرام,پیام رسان‌ های بومی,تدوین لایحه حفظ حریم خصوصی در پیام‌رسان‌های بومی,سروش,وزیر ارتباطات'),
(10, 'پیامک'),
(11, 'BMW 7 Series,BMW 730i,بی ام وسری 7,قیمت بی ام و 730,بی ام و اتاق 7,کلاس 7 بی ام و,ثبت نام بی ام و 730,مشخصات فنی بی ام و سری 7,پرشیا خودرو'),
(12, 'BMW'),
(13, 'Luxury Cars'),
(14, 'خودرو ایران'),
(15, 'BMW 7 Series'),
(16, 'نژادپرستی,مستعمره,مهاجران,خشونت متقاطع,عواقب نژادپرستی,جامعه,مبارزه‌ با خشونت'),
(17, 'Brain'),
(18, 'Human Rights'),
(19, 'People'),
(20, 'human'),
(21, 'Zero,انیمیشن کوتاه,Zealous Creative,screen nsw,استاپ موشن,دانلود انیمیشن'),
(22, 'Animation'),
(23, 'Short Animation'),
(24, 'فیسبوک,استیو وزنیاک,تیم کوک,بستن حساب کاربری فیسبوک,واکنش بنیان‌گذاران اپل به فیسبوک,واکنش زاکربرگ به تیم کوک,ریزش کاربران فیسبوک,کمبریج آنالتیکا'),
(25, 'Facebook'),
(26, 'Security'),
(27, 'Apple'),
(28, 'سروش,پیام رسان سروش,پیام رسان بومی,تلگرام,فیلترینگ تلگرام'),
(29, 'رجیستری گوشی های سامسونگ,نحوه رجیستری گوشی های موبایل,چگونگی تشخیص رجیستری,رجیستری'),
(30, 'Registry'),
(31, 'صدا,صوت,ذخیره سازی صدا,رکورد پلیر,گرامافون,گرافوفون,فونوگراف,فنوتوگراف,ادیسون,موزیک'),
(32, 'Music'),
(33, 'Voice'),
(34, 'audio'),
(35, 'sound'),
(36, 'آئودی,آئودی SQ5,کراس اوور,شاسی بلند'),
(37, 'Audi'),
(38, 'audi quattro'),
(39, 'CUV'),
(40, 'تکیز,گوشی آیفون,تعمیر گوشی,تعمیر گوشی آیفون'),
(41, 'رپورتاژ آگهی'),
(42, 'Apple,اپل,آیفون 8,آیفون 8 پلاس,آیفون 8 قرمز,آیفون 8 پلاس قرمز'),
(43, 'گوشی اپل'),
(44, 'iPhone 8'),
(45, 'iPhone 8 Plus'),
(46, 'هواوی,پی 20 لایت,نوا 3 ای,جعبه‌ گشایی,Huawei P20 lite,Huawei nova 3e,هواوی نوا 3 ای'),
(47, 'Nova'),
(48, 'گوشی هواوی'),
(49, 'Huawei Nova'),
(50, 'موزه لوور,بررسی استقبال مردم,موزه ملی'),
(51, 'خبر'),
(52, 'موزه ملی ایران'),
(53, 'موزه لوور'),
(54, 'رمز ارز'),
(55, 'رمز ارز گرام'),
(56, 'شورای عالی فضای مجازی'),
(57, 'فیلتر تلگرام'),
(58, 'فیلتر شکن'),
(59, 'پیام رسان تلگرام'),
(60, 'پیام رسان های بومی'),
(61, 'وزیر ارتباطات,فیلتر تلگرام,تلگرام,فیلترینگ'),
(62, 'ویندوز 10,ویندوز 10 آرم,برنامه های 64 بیتی,کوالکام,پردازنده های اسنپدراگون'),
(63, 'ARM'),
(64, 'windows 10'),
(65, 'bahrain grand prix,Bahrain F1,Sakhir,فرمول یک بحرین,جایزه بزرگ بحرین,فرمول وان 2018,پیست سخیر,خلاصه فرمول یک,جایزه بزرگ سخیر'),
(66, 'formula 1'),
(67, 'Formula 1 grandprix'),
(68, 'Twitter,توییتر,حذف اکانت‌های توییتر,حذف حساب کاربری توییتر,حذف محتوای تروریستی از توییتر,سیاست ضدخشونت توییتر'),
(69, 'twitter'),
(70, 'Social Media'),
(71, 'مایکروسافت استور,وب اپلیکیشن های پیشرو,pwa,microsoft store,اپلیکیشن‌ های تحت وب,ویندوز 10,windows 10,ویندوز استور'),
(72, 'Microsoft'),
(73, 'Microsoft Store'),
(74, 'مهران مدیری,بیوگرافی مهران مدیری,زندگینامه مهران مدیری,دورهمی,شب های ببره,پاورچین'),
(75, 'Biography'),
(76, 'ساعت پنج عصر'),
(77, 'مهران مدیری'),
(78, 'کمبریج آنالیتیکا,رسوایی فیس بوک,مارک زاکربرگ,داده های مخاطبین,اعتماد مردم به فیسبوک,اعتماد به مارک زاکربرگ,mark zuckerburg'),
(79, 'Mark Zuckerberg'),
(80, 'لکسوس,لکسوس LX570,شاسی بلند,اس یو وی,SUV,Lexus LX,لکسوس ال ایکس,ال ایکس 2018'),
(81, 'SUV'),
(82, 'Lexus'),
(83, 'App Store'),
(84, 'آی او اس'),
(85, 'اپ استور'),
(86, 'اپلیکیشن های ایرانی'),
(87, 'فروشگاه اپلیکیشن اپل'),
(88, 'پیام رسان داخلی'),
(89, 'پیام رسان های داخلی'),
(90, 'هشگرف,بلاک چین,دفتر کل توزیع‌ شده,الگوریتم هشگرف,پروتکل گاسیپ,پلتفرم هشگرف هدرا,دفترکل عمومی مبتنی‌ بر هشگر,محدودیت های بلاک چین'),
(91, 'Encryption'),
(92, 'Bitcoin'),
(93, 'فیلم Black Panther'),
(94, 'فیلم بلک پنتر'),
(95, 'فیلم پلنگ سیاه'),
(96, 'ویژه'),
(97, 'پرفروش ترین فیلم'),
(98, 'شبکه اجتماعی تلگرام'),
(99, 'فیلترشکن'),
(100, 'فیلترینگ تلگرام'),
(101, 'پیام‌ رسان‌ های ایرانی'),
(102, 'امیدوارم علی‌رغم کمبود آب در سال ۹۷ محصولات کشاورزی همانند سال ۹۶ یا بیشتر تولید شود'),
(103, ' فارس'),
(104, ' مقیمی'),
(105, ''),
(106, 'محمد علی نجفی'),
(107, ' صندوق ذخیره فرهنگیان'),
(108, 'گزاری'),
(109, ' شورای شهر'),
(110, 'فارس'),
(111, 'جهانگیری'),
(112, 'اقتصاد مقاومتی'),
(113, 'دلار'),
(114, 'خبرگزاری فارس'),
(115, 'استیو وزنیاک'),
(116, 'اپل'),
(117, 'رسوایی فیس بوک'),
(118, 'فروش اطلاعات'),
(119, 'فیس بوک'),
(120, 'کمبریج آنالیتیکا'),
(121, ' رهبری'),
(122, ' آوینی'),
(123, 'آذری جهرمی'),
(124, 'وزیر'),
(125, 'جلیلی'),
(126, '‌شهدا'),
(127, 'رفع فیلتر تلگرام'),
(128, 'فیروزآبادی'),
(129, 'دژاگه'),
(130, 'مجلس'),
(131, 'تیم ملی'),
(132, 'بروجردی'),
(133, ' تلگرام'),
(134, 'فضای مجازی'),
(135, ' جریان انحرافی'),
(136, ' پایتخت 5'),
(137, ' دلار'),
(138, 'Cambridge Analytica'),
(139, 'رسوایی فیسبوک'),
(140, 'مارک زاکربرگ'),
(141, '‌سرمست'),
(142, ' 14 خرداد'),
(143, 'تکواندو'),
(144, 'مسابقات'),
(145, 'اعزام'),
(146, 'احمدی‌نژاد'),
(147, ' دانشگاه علامه'),
(148, ' رنجنامه'),
(149, 'Ø±ÙØ­Ø§ÙÛØÙÙØ§ÙØ±Û ÙØ³ØªÙ Ø§ÛØØ¨Ø±Ø¬Ø§ÙØØ§ÙØ±ÛÚ©Ø§'),
(150, ' بیانیه'),
(151, ' کارگران'),
(152, 'اینستاگرام'),
(153, 'شبکه اجتماعی'),
(154, 'شبکه اجتماعی فیس بوک'),
(155, 'فیسبوک'),
(156, ' روحانی'),
(157, ' هسته‌ای'),
(158, 'جمعیت'),
(159, 'ایثارگران'),
(160, 'انقلاب'),
(161, 'اسلامی'),
(162, 'پیام'),
(163, 'رسان'),
(164, 'داخلی'),
(165, 'فوتبال'),
(166, 'سایپا'),
(167, 'بازی'),
(168, ' شریعتمداری'),
(169, 'گزارش'),
(170, ' فصلی'),
(171, ' پاییز'),
(172, ' گزارش سالانه احزاب'),
(173, ' احزاب فارس'),
(174, 'تصاویر'),
(175, ' صفحه نخست'),
(176, ' روزنامه‌'),
(177, ' 20 فروردین 1397'),
(178, 'Ø¢ÛØª Ø§ÙÙÙ ÙÙØ­Ø¯Û Ú©Ø±ÙØ§ÙÛØÙØ§Ø´ÙÛØØ±ÙØ­Ø§ÙÛØÙØ¬ÙØ¹ ØªØ´Ø®ÛØµ ÙØµÙØ­Øª ÙØ¸Ø§ÙØØ³Ø±Ø¯Ø§Ø± Ø§Ø´ØªØ±ÛØØ¯Ø§ÙØ§Ø¯ ÙÙØ­Ø¯Û Ú©Ø±ÙØ§ÙÛ'),
(179, 'صکوک'),
(180, 'اوراق'),
(181, 'دولت'),
(182, 'مالیاتی'),
(183, 'بودجه'),
(184, 'اطلاعات'),
(185, 'علوی'),
(186, 'لیگ'),
(187, 'حذفی'),
(188, 'تیم'),
(189, 'باز'),
(190, 'تفریغ'),
(191, 'کمیسیون'),
(192, 'مالیات'),
(193, 'تمرین'),
(194, 'استقلال'),
(195, 'بهداشت'),
(196, 'کودکان'),
(197, 'امنیت'),
(198, ' رضایی'),
(199, ' انحصار'),
(200, 'دین پرست'),
(201, ' خبرگزاری فارس'),
(202, ' وزارت کشور'),
(203, 'ضرب  و شتم'),
(204, 'لیگ دسته دوم'),
(205, 'سفارت تونس'),
(206, ' اتحادیه انجمن های اسلامی دانشجویان مستقل'),
(207, ' رژیم صهیونیستی'),
(208, 'کشفیات ٦٤ درصدى انواع مواد مخدر از طریق اقدامات اطلاعاتى'),
(209, 'رحمانی فضلی'),
(210, '  اشتغال ٧ هزار نفرى بهبودیافتگان از اعتیاد در سال٩٦'),
(211, 'اطلاعات خصوصی کاربران'),
(212, 'حریم خصوصی'),
(213, 'وزیر ارتباطات'),
(214, 'پهنای باند'),
(215, 'آذر جهرمی'),
(216, 'Nova 3e,هواوی,هواوی نوا 3e,Huawei,نوا 3 ای'),
(217, 'Ø®Ø¨Ø±ØÚ¯Ø²Ø§Ø±ÛØÙØ§Ø±Ø³');

-- --------------------------------------------------------

--
-- Table structure for table `test`
--

CREATE TABLE `test` (
  `id` int(11) NOT NULL
) ENGINE=InnoDB DEFAULT CHARSET=latin1;

-- --------------------------------------------------------

--
-- Table structure for table `users`
--

CREATE TABLE `users` (
  `id` int(11) NOT NULL,
  `name` varchar(250) CHARACTER SET utf8 COLLATE utf8_persian_ci DEFAULT NULL,
  `email` varchar(255) NOT NULL,
  `password` varchar(255) NOT NULL,
  `remember_token` varchar(100) DEFAULT NULL,
  `fname` varchar(255) CHARACTER SET utf8 COLLATE utf8_persian_ci DEFAULT NULL,
  `lname` varchar(255) CHARACTER SET utf8 COLLATE utf8_persian_ci DEFAULT NULL,
  `mobile` varchar(255) DEFAULT NULL,
  `amount` varchar(255) DEFAULT '0',
  `role_id` int(10) NOT NULL DEFAULT '2',
  `created_at` timestamp NULL DEFAULT NULL,
  `updated_at` timestamp NULL DEFAULT NULL
) ENGINE=InnoDB DEFAULT CHARSET=latin1;

--
-- Dumping data for table `users`
--

INSERT INTO `users` (`id`, `name`, `email`, `password`, `remember_token`, `fname`, `lname`, `mobile`, `amount`, `role_id`, `created_at`, `updated_at`) VALUES
(1, 'سعید رحیمی منش', 'Rahimimanesh.saeeid@gmail.com', '$2y$10$KOtxGUEPgintmy30z5HVZ.bWPQ8S3mzjLIGx2S2zWAtFDrfdoq4ie', '7I5oX4ZFIgkYsiZDCmKaKllT0PrGyFj2WNf33gABNXrpwJTIrfTEsnvzGHPO', 'Saeed', 'Rahimi Manesh', '09193350901', '0', 1, '2018-03-26 01:39:25', '2018-03-29 15:35:01');

--
-- Indexes for dumped tables
--

--
-- Indexes for table `categories`
--
ALTER TABLE `categories`
  ADD PRIMARY KEY (`id`);

--
-- Indexes for table `category_rss`
--
ALTER TABLE `category_rss`
  ADD PRIMARY KEY (`id`),
  ADD KEY `categoryrss_category_id_foreign` (`category_id`),
  ADD KEY `categoryrss_rss_id_foreign` (`rss_id`);

--
-- Indexes for table `migrations`
--
ALTER TABLE `migrations`
  ADD PRIMARY KEY (`id`);

--
-- Indexes for table `password_resets`
--
ALTER TABLE `password_resets`
  ADD KEY `password_resets_email_index` (`email`);

--
-- Indexes for table `posts`
--
ALTER TABLE `posts`
  ADD PRIMARY KEY (`id`);

--
-- Indexes for table `post_tag`
--
ALTER TABLE `post_tag`
  ADD PRIMARY KEY (`id`);

--
-- Indexes for table `roles`
--
ALTER TABLE `roles`
  ADD PRIMARY KEY (`id`);

--
-- Indexes for table `rss`
--
ALTER TABLE `rss`
  ADD PRIMARY KEY (`id`),
  ADD KEY `rssuser` (`user_id`);

--
-- Indexes for table `rsshistory`
--
ALTER TABLE `rsshistory`
  ADD PRIMARY KEY (`id`);

--
-- Indexes for table `stores`
--
ALTER TABLE `stores`
  ADD PRIMARY KEY (`id`),
  ADD KEY `storeuser` (`user_id`);

--
-- Indexes for table `tags`
--
ALTER TABLE `tags`
  ADD PRIMARY KEY (`id`);

--
-- Indexes for table `test`
--
ALTER TABLE `test`
  ADD PRIMARY KEY (`id`);

--
-- Indexes for table `users`
--
ALTER TABLE `users`
  ADD PRIMARY KEY (`id`),
  ADD KEY `roleuser` (`role_id`);

--
-- AUTO_INCREMENT for dumped tables
--

--
-- AUTO_INCREMENT for table `categories`
--
ALTER TABLE `categories`
  MODIFY `id` int(11) NOT NULL AUTO_INCREMENT, AUTO_INCREMENT=16;
--
-- AUTO_INCREMENT for table `category_rss`
--
ALTER TABLE `category_rss`
  MODIFY `id` int(10) UNSIGNED NOT NULL AUTO_INCREMENT, AUTO_INCREMENT=6;
--
-- AUTO_INCREMENT for table `migrations`
--
ALTER TABLE `migrations`
  MODIFY `id` int(10) UNSIGNED NOT NULL AUTO_INCREMENT, AUTO_INCREMENT=11;
--
-- AUTO_INCREMENT for table `posts`
--
ALTER TABLE `posts`
  MODIFY `id` int(10) UNSIGNED NOT NULL AUTO_INCREMENT, AUTO_INCREMENT=149;
--
-- AUTO_INCREMENT for table `post_tag`
--
ALTER TABLE `post_tag`
  MODIFY `id` int(10) UNSIGNED NOT NULL AUTO_INCREMENT, AUTO_INCREMENT=487;
--
-- AUTO_INCREMENT for table `roles`
--
ALTER TABLE `roles`
  MODIFY `id` int(11) NOT NULL AUTO_INCREMENT, AUTO_INCREMENT=3;
--
-- AUTO_INCREMENT for table `rss`
--
ALTER TABLE `rss`
  MODIFY `id` int(11) NOT NULL AUTO_INCREMENT, AUTO_INCREMENT=6;
--
-- AUTO_INCREMENT for table `rsshistory`
--
ALTER TABLE `rsshistory`
  MODIFY `id` int(10) UNSIGNED NOT NULL AUTO_INCREMENT, AUTO_INCREMENT=5;
--
-- AUTO_INCREMENT for table `stores`
--
ALTER TABLE `stores`
  MODIFY `id` int(11) NOT NULL AUTO_INCREMENT;
--
-- AUTO_INCREMENT for table `tags`
--
ALTER TABLE `tags`
  MODIFY `id` int(10) UNSIGNED NOT NULL AUTO_INCREMENT, AUTO_INCREMENT=218;
--
-- AUTO_INCREMENT for table `test`
--
ALTER TABLE `test`
  MODIFY `id` int(11) NOT NULL AUTO_INCREMENT;
--
-- AUTO_INCREMENT for table `users`
--
ALTER TABLE `users`
  MODIFY `id` int(11) NOT NULL AUTO_INCREMENT, AUTO_INCREMENT=2;
--
-- Constraints for dumped tables
--

--
-- Constraints for table `rss`
--
ALTER TABLE `rss`
  ADD CONSTRAINT `rssuser` FOREIGN KEY (`user_id`) REFERENCES `users` (`id`) ON DELETE NO ACTION ON UPDATE NO ACTION;

--
-- Constraints for table `stores`
--
ALTER TABLE `stores`
  ADD CONSTRAINT `storeuser` FOREIGN KEY (`user_id`) REFERENCES `users` (`id`) ON DELETE NO ACTION ON UPDATE NO ACTION;

--
-- Constraints for table `users`
--
ALTER TABLE `users`
  ADD CONSTRAINT `roleuser` FOREIGN KEY (`role_id`) REFERENCES `roles` (`id`) ON DELETE NO ACTION ON UPDATE NO ACTION;

/*!40101 SET CHARACTER_SET_CLIENT=@OLD_CHARACTER_SET_CLIENT */;
/*!40101 SET CHARACTER_SET_RESULTS=@OLD_CHARACTER_SET_RESULTS */;
/*!40101 SET COLLATION_CONNECTION=@OLD_COLLATION_CONNECTION */;
